[{"word":"absorbabilities"},{"word":"abstractionisms"},{"word":"abstractionists"},{"word":"acanthocephalan"},{"word":"acceptabilities"},{"word":"accessibilities"},{"word":"acclimatization"},{"word":"accommodatingly"},{"word":"accommodational"},{"word":"accompanimental"},{"word":"accomplishments"},{"word":"accountableness"},{"word":"accountantships"},{"word":"acculturational"},{"word":"acetophenetidin"},{"word":"achondroplasias"},{"word":"achondroplastic"},{"word":"acknowledgement"},{"word":"acknowledgments"},{"word":"acquisitiveness"},{"word":"acrimoniousness"},{"word":"adenocarcinomas"},{"word":"adenohypophyses"},{"word":"adenohypophysis"},{"word":"adjustabilities"},{"word":"administrations"},{"word":"adrenalectomies"},{"word":"adventurousness"},{"word":"aerodynamically"},{"word":"aerodynamicists"},{"word":"aerosolizations"},{"word":"affordabilities"},{"word":"agglutinability"},{"word":"aggrandizements"},{"word":"agranulocytoses"},{"word":"agranulocytosis"},{"word":"agribusinessman"},{"word":"agribusinessmen"},{"word":"agriculturalist"},{"word":"algorithmically"},{"word":"alkalinizations"},{"word":"allegoricalness"},{"word":"allegorizations"},{"word":"allelomorphisms"},{"word":"allergenicities"},{"word":"allotetraploids"},{"word":"allotetraploidy"},{"word":"alphabetization"},{"word":"alternativeness"},{"word":"aluminosilicate"},{"word":"ambassadorships"},{"word":"ambidexterities"},{"word":"aminopeptidases"},{"word":"ammonifications"},{"word":"amphidiploidies"},{"word":"amphitheatrical"},{"word":"anacoluthically"},{"word":"anaesthesiology"},{"word":"anagrammatizing"},{"word":"ancylostomiases"},{"word":"ancylostomiasis"},{"word":"androstenedione"},{"word":"anfractuosities"},{"word":"animatronically"},{"word":"anisotropically"},{"word":"ankylostomiases"},{"word":"ankylostomiasis"},{"word":"answerabilities"},{"word":"antepenultimate"},{"word":"anthropocentric"},{"word":"anthropological"},{"word":"anthropologists"},{"word":"anthropometries"},{"word":"anthropomorphic"},{"word":"anthropopathism"},{"word":"anthropophagies"},{"word":"anthropophagous"},{"word":"anthroposophies"},{"word":"anthroposophist"},{"word":"antiabortionist"},{"word":"anticarcinogens"},{"word":"anticholesterol"},{"word":"anticholinergic"},{"word":"anticlericalism"},{"word":"anticlimactical"},{"word":"anticolonialism"},{"word":"anticompetitive"},{"word":"anticonvulsants"},{"word":"antidepressants"},{"word":"antidevelopment"},{"word":"antiferromagnet"},{"word":"antimaterialism"},{"word":"antimaterialist"},{"word":"antimetabolites"},{"word":"antimilitarists"},{"word":"antimonarchical"},{"word":"antimonarchists"},{"word":"antimonopolists"},{"word":"antinationalist"},{"word":"antiperspirants"},{"word":"antipornography"},{"word":"antiquarianisms"},{"word":"antirationalism"},{"word":"antirationalist"},{"word":"antirationality"},{"word":"antiretrovirals"},{"word":"antiromanticism"},{"word":"antisentimental"},{"word":"antiseparatists"},{"word":"antishoplifting"},{"word":"antispeculation"},{"word":"antispeculative"},{"word":"antitheoretical"},{"word":"antituberculous"},{"word":"apocalyptically"},{"word":"apocalypticisms"},{"word":"apolipoproteins"},{"word":"applicabilities"},{"word":"apprenticeships"},{"word":"approachability"},{"word":"appropriateness"},{"word":"arbitrarinesses"},{"word":"archaebacterium"},{"word":"archaeopteryxes"},{"word":"archiepiscopate"},{"word":"architecturally"},{"word":"argumentatively"},{"word":"ariboflavinoses"},{"word":"ariboflavinosis"},{"word":"aromatherapists"},{"word":"arrondissements"},{"word":"arteriographies"},{"word":"artificialities"},{"word":"assimilationism"},{"word":"assimilationist"},{"word":"associationists"},{"word":"associativities"},{"word":"astrobiologists"},{"word":"astronautically"},{"word":"astrophotograph"},{"word":"astrophysically"},{"word":"astrophysicists"},{"word":"atheroscleroses"},{"word":"atherosclerosis"},{"word":"atherosclerotic"},{"word":"atmospherically"},{"word":"atrabiliousness"},{"word":"authentications"},{"word":"authoritatively"},{"word":"autobiographers"},{"word":"autobiographies"},{"word":"autochthonously"},{"word":"autocorrelation"},{"word":"autographically"},{"word":"automatizations"},{"word":"autoradiographs"},{"word":"autoradiography"},{"word":"autosuggestions"},{"word":"autotetraploids"},{"word":"autotetraploidy"},{"word":"autotransfusion"},{"word":"autotrophically"},{"word":"axiomatisations"},{"word":"axiomatizations"},{"word":"azidothymidines"},{"word":"bacteriological"},{"word":"bacteriologists"},{"word":"bacteriophagies"},{"word":"barbarousnesses"},{"word":"basidiomycetous"},{"word":"bastardizations"},{"word":"bathymetrically"},{"word":"beautifications"},{"word":"benzanthracenes"},{"word":"benzodiazepines"},{"word":"bibliographical"},{"word":"bibliotherapies"},{"word":"bidirectionally"},{"word":"bioacousticians"},{"word":"bioavailability"},{"word":"biocontainments"},{"word":"biodegradations"},{"word":"bioequivalences"},{"word":"biogeochemicals"},{"word":"biogeochemistry"},{"word":"biogeographical"},{"word":"bioluminescence"},{"word":"biomathematical"},{"word":"biomechanically"},{"word":"biopsychologist"},{"word":"bioregionalists"},{"word":"bioremediations"},{"word":"biostatistician"},{"word":"biostratigraphy"},{"word":"biosystematists"},{"word":"biotechnologies"},{"word":"biotechnologist"},{"word":"bipartisanships"},{"word":"bipolarizations"},{"word":"bisphosphonates"},{"word":"bittersweetness"},{"word":"bituminizations"},{"word":"blameworthiness"},{"word":"blasphemousness"},{"word":"blaxploitations"},{"word":"bloodguiltiness"},{"word":"bloodthirstiest"},{"word":"bougainvillaeas"},{"word":"bouleversements"},{"word":"boustrophedonic"},{"word":"brachytherapies"},{"word":"braunschweigers"},{"word":"bremsstrahlungs"},{"word":"bronchodilators"},{"word":"bronchoscopists"},{"word":"bureaucratising"},{"word":"bureaucratizing"},{"word":"businesspersons"},{"word":"cannibalization"},{"word":"capitalizations"},{"word":"carcinogenicity"},{"word":"cardiopulmonary"},{"word":"carnivorousness"},{"word":"cataclysmically"},{"word":"categorizations"},{"word":"catheterization"},{"word":"centralizations"},{"word":"centrifugations"},{"word":"centrosymmetric"},{"word":"cephalothoraces"},{"word":"cephalothoraxes"},{"word":"cerebrovascular"},{"word":"ceremoniousness"},{"word":"chancellorships"},{"word":"channelizations"},{"word":"chemoautotrophy"},{"word":"chemoprevention"},{"word":"chemopreventive"},{"word":"chemoreceptions"},{"word":"chemotactically"},{"word":"chemotaxonomist"},{"word":"chemotherapists"},{"word":"chincherinchees"},{"word":"chloramphenicol"},{"word":"chlorothiazides"},{"word":"chlorpromazines"},{"word":"chlorpropamides"},{"word":"cholangiography"},{"word":"cholecalciferol"},{"word":"cholecystectomy"},{"word":"cholecystitides"},{"word":"cholecystokinin"},{"word":"cholestyramines"},{"word":"cholinergically"},{"word":"cholinesterases"},{"word":"chondrocraniums"},{"word":"chordamesoderms"},{"word":"chorioallantoic"},{"word":"chorioallantois"},{"word":"choriocarcinoma"},{"word":"chromatographer"},{"word":"chromatographic"},{"word":"chronobiologist"},{"word":"chronologically"},{"word":"chronotherapies"},{"word":"churrigueresque"},{"word":"cinematographer"},{"word":"cinematographic"},{"word":"circularization"},{"word":"circumambiently"},{"word":"circumambulated"},{"word":"circumambulates"},{"word":"circumferential"},{"word":"circumlocutions"},{"word":"circumnavigated"},{"word":"circumnavigates"},{"word":"circumnavigator"},{"word":"circumscription"},{"word":"circumspections"},{"word":"circumstantiate"},{"word":"circumvallating"},{"word":"circumvallation"},{"word":"circumvolutions"},{"word":"citriculturists"},{"word":"civilianization"},{"word":"clandestineness"},{"word":"classifications"},{"word":"claustrophobias"},{"word":"clearheadedness"},{"word":"cleistogamously"},{"word":"codetermination"},{"word":"coeducationally"},{"word":"coenzymatically"},{"word":"coinvestigators"},{"word":"coldheartedness"},{"word":"collaboratively"},{"word":"collateralizing"},{"word":"collenchymatous"},{"word":"colloquialities"},{"word":"colonizationist"},{"word":"combinatorially"},{"word":"comfortableness"},{"word":"commemoratively"},{"word":"commensurations"},{"word":"commercialising"},{"word":"commercialistic"},{"word":"commiseratingly"},{"word":"commissionaires"},{"word":"commodification"},{"word":"commoditization"},{"word":"commonplaceness"},{"word":"communicability"},{"word":"communicational"},{"word":"communicatively"},{"word":"communistically"},{"word":"comparabilities"},{"word":"comparativeness"},{"word":"compassionately"},{"word":"compatibilities"},{"word":"compendiousness"},{"word":"competitiveness"},{"word":"complementarily"},{"word":"complementarity"},{"word":"complementation"},{"word":"complementizers"},{"word":"complicatedness"},{"word":"complimentarily"},{"word":"compositionally"},{"word":"compositionists"},{"word":"comprehensively"},{"word":"compressibility"},{"word":"comptrollership"},{"word":"computationally"},{"word":"computerization"},{"word":"computerphobias"},{"word":"conceivableness"},{"word":"concelebrations"},{"word":"concentricities"},{"word":"conceptualising"},{"word":"conceptualistic"},{"word":"conceptualities"},{"word":"conceptualizers"},{"word":"conceptualizing"},{"word":"concertmeisters"},{"word":"concessionaires"},{"word":"concretizations"},{"word":"condescendences"},{"word":"condescendingly"},{"word":"confectionaries"},{"word":"confectioneries"},{"word":"confessionalism"},{"word":"confessionalist"},{"word":"confidentiality"},{"word":"configurational"},{"word":"confraternities"},{"word":"confrontational"},{"word":"conglomerateurs"},{"word":"conglomerations"},{"word":"conglutinations"},{"word":"congratulations"},{"word":"congressionally"},{"word":"congresspersons"},{"word":"conjugationally"},{"word":"conjunctionally"},{"word":"connectednesses"},{"word":"connoisseurship"},{"word":"consanguinities"},{"word":"conscientiously"},{"word":"consciousnesses"},{"word":"consecutiveness"},{"word":"consentaneously"},{"word":"consequentially"},{"word":"conservationist"},{"word":"conservatorship"},{"word":"considerateness"},{"word":"conspicuousness"},{"word":"constructionist"},{"word":"constructivisms"},{"word":"constructivists"},{"word":"consultantships"},{"word":"containerboards"},{"word":"contemplatively"},{"word":"contemporaneity"},{"word":"contemporaneous"},{"word":"contemptibility"},{"word":"contentiousness"},{"word":"contextualizing"},{"word":"contortionistic"},{"word":"contractibility"},{"word":"contractilities"},{"word":"contradictories"},{"word":"contradictorily"},{"word":"contraindicated"},{"word":"contraindicates"},{"word":"contrapositions"},{"word":"contrapositives"},{"word":"controllerships"},{"word":"controversially"},{"word":"conventionalism"},{"word":"conventionalist"},{"word":"conventionality"},{"word":"conventionalize"},{"word":"convertibleness"},{"word":"conveyorization"},{"word":"cooperationists"},{"word":"cooperativeness"},{"word":"corporatization"},{"word":"correspondences"},{"word":"correspondingly"},{"word":"corticosteroids"},{"word":"corticosterones"},{"word":"corticotrophins"},{"word":"corynebacterial"},{"word":"corynebacterium"},{"word":"cosmopolitanism"},{"word":"cotransductions"},{"word":"coulometrically"},{"word":"councillorships"},{"word":"counterargument"},{"word":"counterassaults"},{"word":"counterattacked"},{"word":"counterattacker"},{"word":"counterbalanced"},{"word":"counterbalances"},{"word":"counterblockade"},{"word":"countercampaign"},{"word":"counterchanging"},{"word":"counterchecking"},{"word":"counterclaiming"},{"word":"countercultural"},{"word":"countercultures"},{"word":"countercurrents"},{"word":"countercyclical"},{"word":"counterevidence"},{"word":"counterexamples"},{"word":"counterguerilla"},{"word":"counterinstance"},{"word":"counterinvasion"},{"word":"counterirritant"},{"word":"countermarching"},{"word":"countermeasures"},{"word":"countermelodies"},{"word":"countermovement"},{"word":"counterpetition"},{"word":"counterpicketed"},{"word":"counterplotting"},{"word":"counterpointing"},{"word":"counterpressure"},{"word":"counterprojects"},{"word":"counterproposal"},{"word":"counterprotests"},{"word":"counterpunchers"},{"word":"counterpunching"},{"word":"counterquestion"},{"word":"counterreaction"},{"word":"counterreformer"},{"word":"counterresponse"},{"word":"countershadings"},{"word":"counterstaining"},{"word":"counterstrategy"},{"word":"countertendency"},{"word":"counterviolence"},{"word":"counterweighted"},{"word":"crashworthiness"},{"word":"crestfallenness"},{"word":"criminalization"},{"word":"crosslinguistic"},{"word":"crossopterygian"},{"word":"cryoprotectants"},{"word":"cryptanalytical"},{"word":"cryptorchidisms"},{"word":"cryptosporidium"},{"word":"cryptozoologies"},{"word":"cryptozoologist"},{"word":"crystallinities"},{"word":"crystallization"},{"word":"crystallography"},{"word":"cultivabilities"},{"word":"cyanocobalamine"},{"word":"cyanocobalamins"},{"word":"cybersecurities"},{"word":"cyclohexylamine"},{"word":"cyclooxygenases"},{"word":"cyproheptadines"},{"word":"cytochemistries"},{"word":"cytogenetically"},{"word":"cytogeneticists"},{"word":"cytomegalovirus"},{"word":"cytopathologies"},{"word":"cytopathologist"},{"word":"cytophotometric"},{"word":"cytoplasmically"},{"word":"daguerreotypist"},{"word":"deacidification"},{"word":"decalcification"},{"word":"decarboxylating"},{"word":"decarboxylation"},{"word":"decarburization"},{"word":"decasualization"},{"word":"decertification"},{"word":"dechlorinations"},{"word":"decimalisations"},{"word":"decimalizations"},{"word":"decolonizations"},{"word":"decolorizations"},{"word":"decommissioning"},{"word":"decompensations"},{"word":"decomposability"},{"word":"deconcentrating"},{"word":"deconcentration"},{"word":"deconsecrations"},{"word":"deconstructions"},{"word":"decontaminating"},{"word":"decontamination"},{"word":"decontaminators"},{"word":"decontextualize"},{"word":"decriminalizing"},{"word":"dedifferentiate"},{"word":"deductibilities"},{"word":"defamiliarizing"},{"word":"defeminizations"},{"word":"defenestrations"},{"word":"defenselessness"},{"word":"defensibilities"},{"word":"defibrillations"},{"word":"defragmentation"},{"word":"deglamorization"},{"word":"degradabilities"},{"word":"dehumanizations"},{"word":"dehydrogenating"},{"word":"dehydrogenation"},{"word":"deindustrialize"},{"word":"delectabilities"},{"word":"delegitimations"},{"word":"deleteriousness"},{"word":"delocalizations"},{"word":"demagnetization"},{"word":"dematerializing"},{"word":"demisemiquavers"},{"word":"demobilizations"},{"word":"democratization"},{"word":"demographically"},{"word":"demonetizations"},{"word":"demonstrability"},{"word":"demonstrational"},{"word":"demonstratively"},{"word":"demoralizations"},{"word":"demystification"},{"word":"demythologizers"},{"word":"demythologizing"},{"word":"denationalizing"},{"word":"denitrification"},{"word":"departmentalize"},{"word":"dependabilities"},{"word":"depersonalizing"},{"word":"dephosphorylate"},{"word":"depigmentations"},{"word":"depolarizations"},{"word":"derivatizations"},{"word":"dermatoglyphics"},{"word":"dermatomyositis"},{"word":"desacralization"},{"word":"desalinizations"},{"word":"descriptiveness"},{"word":"desensitization"},{"word":"desertification"},{"word":"desexualization"},{"word":"despiritualized"},{"word":"despiritualizes"},{"word":"dessertspoonful"},{"word":"destabilization"},{"word":"destructibility"},{"word":"destructionists"},{"word":"destructiveness"},{"word":"desulfurization"},{"word":"determinateness"},{"word":"detoxifications"},{"word":"detribalization"},{"word":"deuteranomalous"},{"word":"developmentally"},{"word":"devitalizations"},{"word":"devitrification"},{"word":"dexfenfluramine"},{"word":"diagonalization"},{"word":"dialectological"},{"word":"dialectologists"},{"word":"diastereoisomer"},{"word":"diastrophically"},{"word":"dichlorobenzene"},{"word":"dichloroethanes"},{"word":"dichotomization"},{"word":"dichotomousness"},{"word":"dictatorialness"},{"word":"differentiating"},{"word":"differentiation"},{"word":"differentnesses"},{"word":"diffractometers"},{"word":"diffractometric"},{"word":"digestibilities"},{"word":"digitalizations"},{"word":"dimenhydrinates"},{"word":"dinitrobenzenes"},{"word":"dinoflagellates"},{"word":"diphenhydramine"},{"word":"disaccharidases"},{"word":"disadvantageous"},{"word":"disaffiliations"},{"word":"disaggregations"},{"word":"disambiguations"},{"word":"disappointingly"},{"word":"disappointments"},{"word":"disapprobations"},{"word":"disarrangements"},{"word":"disarticulating"},{"word":"disarticulation"},{"word":"disassociations"},{"word":"disciplinarians"},{"word":"discombobulated"},{"word":"discombobulates"},{"word":"disconcertingly"},{"word":"disconcertments"},{"word":"disconfirmation"},{"word":"disconformities"},{"word":"disconsolations"},{"word":"discontentments"},{"word":"discontinuances"},{"word":"discontinuation"},{"word":"discontinuities"},{"word":"discontinuously"},{"word":"discountenanced"},{"word":"discountenances"},{"word":"discouragements"},{"word":"discriminations"},{"word":"disembarkations"},{"word":"disembarrassing"},{"word":"disembowelments"},{"word":"disempowerments"},{"word":"disenchantingly"},{"word":"disenchantments"},{"word":"disenfranchised"},{"word":"disenfranchises"},{"word":"disentanglement"},{"word":"disequilibrated"},{"word":"disequilibrates"},{"word":"disequilibriums"},{"word":"disestablishing"},{"word":"disfurnishments"},{"word":"disgracefulness"},{"word":"disgruntlements"},{"word":"dishearteningly"},{"word":"disheartenments"},{"word":"disillusionment"},{"word":"disinclinations"},{"word":"disinfestations"},{"word":"disinflationary"},{"word":"disinformations"},{"word":"disinheritances"},{"word":"disintegrations"},{"word":"disinterestedly"},{"word":"disintermediate"},{"word":"disintoxicating"},{"word":"disintoxication"},{"word":"disorganization"},{"word":"disorientations"},{"word":"dispassionately"},{"word":"disproportional"},{"word":"disreputability"},{"word":"disrespectfully"},{"word":"dissatisfaction"},{"word":"dissatisfactory"},{"word":"dissimilarities"},{"word":"distastefulness"},{"word":"distemperatures"},{"word":"distinctiveness"},{"word":"distinguishable"},{"word":"distinguishably"},{"word":"distractibility"},{"word":"distressfulness"},{"word":"distrustfulness"},{"word":"dithiocarbamate"},{"word":"dithyrambically"},{"word":"diversification"},{"word":"divertissements"},{"word":"documentational"},{"word":"dolichocephalic"},{"word":"dolomitizations"},{"word":"domineeringness"},{"word":"dorsiventrality"},{"word":"dorsoventrality"},{"word":"downheartedness"},{"word":"dramaturgically"},{"word":"dyslogistically"},{"word":"ecclesiasticism"},{"word":"ecclesiological"},{"word":"ecclesiologists"},{"word":"echinodermatous"},{"word":"echocardiograms"},{"word":"ecocatastrophes"},{"word":"econometrically"},{"word":"econometricians"},{"word":"ecophysiologies"},{"word":"ecotoxicologist"},{"word":"educationalists"},{"word":"effectivenesses"},{"word":"efficaciousness"},{"word":"egalitarianisms"},{"word":"egocentricities"},{"word":"electrification"},{"word":"electroacoustic"},{"word":"electroanalyses"},{"word":"electroanalysis"},{"word":"electrochemical"},{"word":"electrochemists"},{"word":"electrodeposits"},{"word":"electrodialyses"},{"word":"electrodialysis"},{"word":"electrodialytic"},{"word":"electrodynamics"},{"word":"electrokinetics"},{"word":"electromagnetic"},{"word":"electromyograms"},{"word":"electromyograph"},{"word":"electronegative"},{"word":"electrophoresed"},{"word":"electrophoreses"},{"word":"electrophoresis"},{"word":"electrophoretic"},{"word":"electroporation"},{"word":"electropositive"},{"word":"electroreceptor"},{"word":"electrosurgical"},{"word":"electrowinnings"},{"word":"emancipationist"},{"word":"embryologically"},{"word":"emotionlessness"},{"word":"employabilities"},{"word":"emulsifications"},{"word":"enantiomorphism"},{"word":"enantiomorphous"},{"word":"encephalitogens"},{"word":"encephalographs"},{"word":"encephalography"},{"word":"encephalopathic"},{"word":"endocrinologies"},{"word":"endocrinologist"},{"word":"endonucleolytic"},{"word":"endoparasitisms"},{"word":"enfranchisement"},{"word":"enterobacterial"},{"word":"enterobacterium"},{"word":"enterocolitises"},{"word":"enterogastrones"},{"word":"enterotoxigenic"},{"word":"entomologically"},{"word":"entrepreneurial"},{"word":"envenomizations"},{"word":"environmentally"},{"word":"epeirogenically"},{"word":"epichlorohydrin"},{"word":"epidemiological"},{"word":"epidemiologists"},{"word":"epigrammatizers"},{"word":"epigrammatizing"},{"word":"epiphenomenally"},{"word":"epistemological"},{"word":"epistemologists"},{"word":"epithelializing"},{"word":"epitheliomatous"},{"word":"epithelizations"},{"word":"equalitarianism"},{"word":"erroneousnesses"},{"word":"erythropoietins"},{"word":"esterifications"},{"word":"etherealization"},{"word":"ethnobiological"},{"word":"ethnobiologists"},{"word":"ethnocentricity"},{"word":"ethnohistorians"},{"word":"ethnohistorical"},{"word":"ethnomusicology"},{"word":"eudiometrically"},{"word":"euphemistically"},{"word":"eutrophications"},{"word":"evangelizations"},{"word":"everlastingness"},{"word":"exaggeratedness"},{"word":"exceptionalisms"},{"word":"exceptionalists"},{"word":"exceptionalness"},{"word":"excessivenesses"},{"word":"exchangeability"},{"word":"excommunicating"},{"word":"excommunication"},{"word":"excommunicative"},{"word":"excommunicators"},{"word":"excrementitious"},{"word":"exemplification"},{"word":"exhaustlessness"},{"word":"exhibitionistic"},{"word":"existentialisms"},{"word":"existentialists"},{"word":"exoerythrocytic"},{"word":"exothermicities"},{"word":"expandabilities"},{"word":"expansibilities"},{"word":"expeditiousness"},{"word":"expendabilities"},{"word":"experimentalism"},{"word":"experimentalist"},{"word":"experimentation"},{"word":"exponentiations"},{"word":"exportabilities"},{"word":"expressionistic"},{"word":"exsanguinations"},{"word":"extemporisation"},{"word":"extemporization"},{"word":"extendabilities"},{"word":"extensibilities"},{"word":"exteriorization"},{"word":"externalisation"},{"word":"externalization"},{"word":"extinguishments"},{"word":"extracellularly"},{"word":"extracurricular"},{"word":"extrajudicially"},{"word":"extralinguistic"},{"word":"extraordinarily"},{"word":"facetiousnesses"},{"word":"familiarization"},{"word":"fantasticalness"},{"word":"fashionableness"},{"word":"featherstitched"},{"word":"featherstitches"},{"word":"federalizations"},{"word":"fetishistically"},{"word":"fibrinopeptides"},{"word":"fictionizations"},{"word":"fingerprintings"},{"word":"fissiparousness"},{"word":"flibbertigibbet"},{"word":"flirtatiousness"},{"word":"floriculturists"},{"word":"floriferousness"},{"word":"fluoroquinolone"},{"word":"foreordinations"},{"word":"foresightedness"},{"word":"forgetfulnesses"},{"word":"formidabilities"},{"word":"formularization"},{"word":"fractionalizing"},{"word":"fragmentariness"},{"word":"fraternizations"},{"word":"frenchification"},{"word":"frightfulnesses"},{"word":"fructifications"},{"word":"functionalistic"},{"word":"functionalities"},{"word":"fundamentalisms"},{"word":"fundamentalists"},{"word":"futilitarianism"},{"word":"gastroenteritis"},{"word":"gastronomically"},{"word":"gelatinizations"},{"word":"generalisations"},{"word":"generalizations"},{"word":"gentlemanliness"},{"word":"gentrifications"},{"word":"geochronologies"},{"word":"geochronologist"},{"word":"geohydrologists"},{"word":"geomagnetically"},{"word":"geometrizations"},{"word":"geomorphologies"},{"word":"geomorphologist"},{"word":"geostrophically"},{"word":"geotectonically"},{"word":"glucocorticoids"},{"word":"gluconeogeneses"},{"word":"gluconeogenesis"},{"word":"glutaraldehydes"},{"word":"glyceraldehydes"},{"word":"gnotobiotically"},{"word":"governmentalism"},{"word":"governmentalist"},{"word":"governmentalize"},{"word":"grammaticalness"},{"word":"grandiloquences"},{"word":"grandiloquently"},{"word":"grandparenthood"},{"word":"graphitizations"},{"word":"gravimetrically"},{"word":"gravitationally"},{"word":"gynandromorphic"},{"word":"gyrofrequencies"},{"word":"gyrostabilizers"},{"word":"halfheartedness"},{"word":"harpsichordists"},{"word":"headmasterships"},{"word":"heartbreakingly"},{"word":"heartsicknesses"},{"word":"heliometrically"},{"word":"hemagglutinated"},{"word":"hemagglutinates"},{"word":"hematoporphyrin"},{"word":"hemispherectomy"},{"word":"hemochromatoses"},{"word":"hemochromatosis"},{"word":"hemodynamically"},{"word":"hemoflagellates"},{"word":"hemoglobinurias"},{"word":"hendecasyllabic"},{"word":"hendecasyllable"},{"word":"hermaphroditism"},{"word":"hermeneutically"},{"word":"heterochromatic"},{"word":"heterochromatin"},{"word":"heterogeneities"},{"word":"heterogeneously"},{"word":"heteromorphisms"},{"word":"heteronormative"},{"word":"heterosexuality"},{"word":"heterothallisms"},{"word":"hexachlorethane"},{"word":"hexachlorophene"},{"word":"hexylresorcinol"},{"word":"hierarchization"},{"word":"histochemically"},{"word":"histopathologic"},{"word":"histophysiology"},{"word":"historiographer"},{"word":"historiographic"},{"word":"holographically"},{"word":"homeopathically"},{"word":"homogeneousness"},{"word":"homogenisations"},{"word":"homogenizations"},{"word":"homosexualities"},{"word":"homosocialities"},{"word":"homotransplants"},{"word":"honorablenesses"},{"word":"horizontalities"},{"word":"horticulturally"},{"word":"horticulturists"},{"word":"hospitalization"},{"word":"housewifeliness"},{"word":"humanitarianism"},{"word":"humidifications"},{"word":"hydrobiological"},{"word":"hydrobiologists"},{"word":"hydrocortisones"},{"word":"hydrodynamicist"},{"word":"hydrogeologists"},{"word":"hydromechanical"},{"word":"hydrometallurgy"},{"word":"hydrostatically"},{"word":"hydroxyapatites"},{"word":"hydroxylapatite"},{"word":"hydroxyprolines"},{"word":"hyperactivities"},{"word":"hyperaesthesias"},{"word":"hyperaggressive"},{"word":"hypercatabolism"},{"word":"hypercatalectic"},{"word":"hypercoagulable"},{"word":"hypercorrection"},{"word":"hypercritically"},{"word":"hypercriticisms"},{"word":"hyperexcitement"},{"word":"hyperexcretions"},{"word":"hyperextensions"},{"word":"hyperfastidious"},{"word":"hyperfunctional"},{"word":"hyperimmunizing"},{"word":"hyperinflations"},{"word":"hyperinsulinism"},{"word":"hyperinvolution"},{"word":"hyperlipidemias"},{"word":"hypermetabolism"},{"word":"hypermobilities"},{"word":"hypermodernists"},{"word":"hypermutability"},{"word":"hyperparasitism"},{"word":"hyperpolarizing"},{"word":"hyperproduction"},{"word":"hyperreactivity"},{"word":"hyperresponsive"},{"word":"hypersalivation"},{"word":"hypersensitized"},{"word":"hypersomnolence"},{"word":"hyperstimulated"},{"word":"hyperstimulates"},{"word":"hyperthyroidism"},{"word":"hypertonicities"},{"word":"hypervelocities"},{"word":"hyperventilated"},{"word":"hyperventilates"},{"word":"hypnotherapists"},{"word":"hypnotizability"},{"word":"hypochondriacal"},{"word":"hypochondriases"},{"word":"hypochondriasis"},{"word":"hypomagnesemias"},{"word":"hypopituitarism"},{"word":"hyposensitizing"},{"word":"hypostatization"},{"word":"hypothyroidisms"},{"word":"hysterectomized"},{"word":"ichthyosaurians"},{"word":"identicalnesses"},{"word":"identifications"},{"word":"ideographically"},{"word":"ignominiousness"},{"word":"illegalizations"},{"word":"illimitableness"},{"word":"illogicalnesses"},{"word":"illustriousness"},{"word":"imaginativeness"},{"word":"immaterialities"},{"word":"immaterializing"},{"word":"immediatenesses"},{"word":"immiscibilities"},{"word":"immobilizations"},{"word":"immortalization"},{"word":"immunoassayable"},{"word":"immunoblottings"},{"word":"immunochemistry"},{"word":"immunocompetent"},{"word":"immunodeficient"},{"word":"immunodiagnoses"},{"word":"immunodiagnosis"},{"word":"immunodiffusion"},{"word":"immunoglobulins"},{"word":"immunologically"},{"word":"immunomodulator"},{"word":"immunopathology"},{"word":"immunotherapies"},{"word":"impalpabilities"},{"word":"impassabilities"},{"word":"impassibilities"},{"word":"impeccabilities"},{"word":"impecuniosities"},{"word":"impecuniousness"},{"word":"impenetrability"},{"word":"imperishability"},{"word":"impersonalities"},{"word":"impersonalizing"},{"word":"implacabilities"},{"word":"implementations"},{"word":"implicativeness"},{"word":"imponderability"},{"word":"importunateness"},{"word":"impossibilities"},{"word":"impoverishments"},{"word":"imprecisenesses"},{"word":"impregnableness"},{"word":"impressionistic"},{"word":"improbabilities"},{"word":"improvabilities"},{"word":"improvisational"},{"word":"improvisatorial"},{"word":"impulsivenesses"},{"word":"inaccessibility"},{"word":"inadmissibility"},{"word":"inalterableness"},{"word":"inapplicability"},{"word":"inappropriately"},{"word":"inattentiveness"},{"word":"incalculability"},{"word":"incapacitations"},{"word":"inclusivenesses"},{"word":"incommensurable"},{"word":"incommensurably"},{"word":"incommunicative"},{"word":"incomparability"},{"word":"incompatibility"},{"word":"incomprehension"},{"word":"incongruousness"},{"word":"inconsequential"},{"word":"inconsiderately"},{"word":"inconsideration"},{"word":"inconsistencies"},{"word":"inconspicuously"},{"word":"inconveniencies"},{"word":"incoordinations"},{"word":"incorrectnesses"},{"word":"incorrigibility"},{"word":"incredibilities"},{"word":"incrementalisms"},{"word":"incrementalists"},{"word":"indefeasibility"},{"word":"indefectibility"},{"word":"indefensibility"},{"word":"indefinableness"},{"word":"indemnification"},{"word":"indeterminacies"},{"word":"indeterminately"},{"word":"indetermination"},{"word":"indeterministic"},{"word":"indifferentisms"},{"word":"indifferentists"},{"word":"indigenizations"},{"word":"indisciplinable"},{"word":"indissolubility"},{"word":"individualising"},{"word":"individualistic"},{"word":"individualities"},{"word":"individualizing"},{"word":"indoctrinations"},{"word":"indomitableness"},{"word":"indubitableness"},{"word":"industrialising"},{"word":"industrializing"},{"word":"industriousness"},{"word":"ineffaceability"},{"word":"ineffectiveness"},{"word":"ineffectualness"},{"word":"inefficaciously"},{"word":"ineligibilities"},{"word":"ineradicability"},{"word":"inevitabilities"},{"word":"inexcusableness"},{"word":"inexpensiveness"},{"word":"inexplicability"},{"word":"inextricability"},{"word":"infallibilities"},{"word":"infantilization"},{"word":"infeasibilities"},{"word":"infinitesimally"},{"word":"inflammableness"},{"word":"inflexibilities"},{"word":"informationally"},{"word":"informativeness"},{"word":"infrastructural"},{"word":"infrastructures"},{"word":"ingeniousnesses"},{"word":"ingenuousnesses"},{"word":"inheritableness"},{"word":"inhomogeneities"},{"word":"inhospitalities"},{"word":"initializations"},{"word":"injudiciousness"},{"word":"injuriousnesses"},{"word":"innocuousnesses"},{"word":"inoffensiveness"},{"word":"inoperativeness"},{"word":"inopportuneness"},{"word":"inquisitiveness"},{"word":"inquisitorially"},{"word":"insatiabilities"},{"word":"inscrutableness"},{"word":"insensibilities"},{"word":"insensitiveness"},{"word":"insensitivities"},{"word":"inseparableness"},{"word":"insidiousnesses"},{"word":"insignificances"},{"word":"insignificantly"},{"word":"inspirationally"},{"word":"instantaneities"},{"word":"instantaneously"},{"word":"institutionally"},{"word":"instructiveness"},{"word":"instructorships"},{"word":"instrumentalism"},{"word":"instrumentalist"},{"word":"instrumentality"},{"word":"instrumentation"},{"word":"insubordinately"},{"word":"insubordination"},{"word":"insufficiencies"},{"word":"insurrectionary"},{"word":"insurrectionist"},{"word":"intangibilities"},{"word":"integrabilities"},{"word":"integrationists"},{"word":"intellectualism"},{"word":"intellectualist"},{"word":"intellectuality"},{"word":"intellectualize"},{"word":"intelligentsias"},{"word":"intelligibility"},{"word":"intemperateness"},{"word":"intensification"},{"word":"intensivenesses"},{"word":"interactivities"},{"word":"interanimations"},{"word":"interchangeable"},{"word":"interchangeably"},{"word":"intercollegiate"},{"word":"intercommunions"},{"word":"intercomparison"},{"word":"interconnecting"},{"word":"interconnection"},{"word":"interconversion"},{"word":"interconverting"},{"word":"intercorrelated"},{"word":"intercorrelates"},{"word":"interculturally"},{"word":"interdependence"},{"word":"interdependency"},{"word":"interdiffusions"},{"word":"interdigitating"},{"word":"interdigitation"},{"word":"interdivisional"},{"word":"interelectronic"},{"word":"interestingness"},{"word":"interferometers"},{"word":"interferometric"},{"word":"interfraternity"},{"word":"intergeneration"},{"word":"intergradations"},{"word":"interindividual"},{"word":"interinfluences"},{"word":"interiorization"},{"word":"interlacustrine"},{"word":"interlineations"},{"word":"intermediations"},{"word":"intermittencies"},{"word":"intermodulation"},{"word":"internalization"},{"word":"internationally"},{"word":"internucleotide"},{"word":"interpellations"},{"word":"interpenetrated"},{"word":"interpenetrates"},{"word":"interpersonally"},{"word":"interphalangeal"},{"word":"interpopulation"},{"word":"interpretations"},{"word":"interprovincial"},{"word":"interrogational"},{"word":"interrogatively"},{"word":"interrogatories"},{"word":"interscholastic"},{"word":"interstratified"},{"word":"intersubjective"},{"word":"intertextuality"},{"word":"intertwinements"},{"word":"interuniversity"},{"word":"intervalometers"},{"word":"interventionism"},{"word":"interventionist"},{"word":"intervisibility"},{"word":"intervisitation"},{"word":"intolerableness"},{"word":"intracellularly"},{"word":"intracerebrally"},{"word":"intramuscularly"},{"word":"intransigeances"},{"word":"intransigeantly"},{"word":"intraperitoneal"},{"word":"intrapopulation"},{"word":"intrapreneurial"},{"word":"intravascularly"},{"word":"introspectional"},{"word":"introspectively"},{"word":"intussuscepting"},{"word":"intussusception"},{"word":"intussusceptive"},{"word":"invariabilities"},{"word":"inventivenesses"},{"word":"investigational"},{"word":"invincibilities"},{"word":"inviolabilities"},{"word":"involuntariness"},{"word":"invulnerability"},{"word":"ionospherically"},{"word":"irrationalistic"},{"word":"irrationalities"},{"word":"irreconcilables"},{"word":"irreformability"},{"word":"irrefragability"},{"word":"irreparableness"},{"word":"irrepealability"},{"word":"irresistability"},{"word":"irresistibility"},{"word":"irreversibility"},{"word":"irrevocableness"},{"word":"irritablenesses"},{"word":"isothiocyanates"},{"word":"jurisprudential"},{"word":"juxtapositional"},{"word":"kaffeeklatsches"},{"word":"keratinizations"},{"word":"kindergarteners"},{"word":"kindheartedness"},{"word":"kinesthetically"},{"word":"kremlinologists"},{"word":"labyrinthodonts"},{"word":"lackadaisically"},{"word":"laryngectomized"},{"word":"latensification"},{"word":"lateralizations"},{"word":"latitudinarians"},{"word":"legislatorships"},{"word":"legitimizations"},{"word":"lepidopterology"},{"word":"leukaemogeneses"},{"word":"leukaemogenesis"},{"word":"levelheadedness"},{"word":"levonorgestrels"},{"word":"lexicalisations"},{"word":"lexicalizations"},{"word":"lexicographical"},{"word":"liberalizations"},{"word":"libertarianisms"},{"word":"lignocelluloses"},{"word":"lignocellulosic"},{"word":"lignosulfonates"},{"word":"literalizations"},{"word":"liturgiologists"},{"word":"logarithmically"},{"word":"logographically"},{"word":"ludicrousnesses"},{"word":"luxuriousnesses"},{"word":"lymphadenitises"},{"word":"lymphadenopathy"},{"word":"lymphangiograms"},{"word":"lymphogranuloma"},{"word":"lyophilizations"},{"word":"lysogenizations"},{"word":"machinabilities"},{"word":"macroaggregated"},{"word":"macroaggregates"},{"word":"macrocosmically"},{"word":"macroevolutions"},{"word":"macrophotograph"},{"word":"macroscopically"},{"word":"macrostructural"},{"word":"macrostructures"},{"word":"magnanimousness"},{"word":"magnetoelectric"},{"word":"maintainability"},{"word":"majoritarianism"},{"word":"maladministered"},{"word":"maladroitnesses"},{"word":"maldistribution"},{"word":"maliciousnesses"},{"word":"malpractitioner"},{"word":"manageabilities"},{"word":"maneuverability"},{"word":"marginalization"},{"word":"marketabilities"},{"word":"marriageability"},{"word":"martensitically"},{"word":"masculinization"},{"word":"masochistically"},{"word":"mastoidectomies"},{"word":"materfamiliases"},{"word":"materialization"},{"word":"mathematization"},{"word":"meaninglessness"},{"word":"measurabilities"},{"word":"mechanistically"},{"word":"mechanochemical"},{"word":"mechanoreceptor"},{"word":"medicalizations"},{"word":"medulloblastoma"},{"word":"megacorporation"},{"word":"megagametophyte"},{"word":"megasporophylls"},{"word":"mellifluousness"},{"word":"melodramatising"},{"word":"melodramatizing"},{"word":"memorialization"},{"word":"mensurabilities"},{"word":"mercaptopurines"},{"word":"merchantability"},{"word":"meritoriousness"},{"word":"meroblastically"},{"word":"metafictionists"},{"word":"metalinguistics"},{"word":"metallographers"},{"word":"metallurgically"},{"word":"metamathematics"},{"word":"metamorphically"},{"word":"metastabilities"},{"word":"methamphetamine"},{"word":"methoxyfluranes"},{"word":"methylcellulose"},{"word":"methylmercuries"},{"word":"methylphenidate"},{"word":"methylxanthines"},{"word":"microanalytical"},{"word":"microanatomical"},{"word":"microbarographs"},{"word":"microbiological"},{"word":"microbiologists"},{"word":"microcontroller"},{"word":"microcosmically"},{"word":"microdissection"},{"word":"microearthquake"},{"word":"microeconomists"},{"word":"microelectrodes"},{"word":"microelectronic"},{"word":"microenterprise"},{"word":"microevolutions"},{"word":"microgametocyte"},{"word":"microinjections"},{"word":"micromanagement"},{"word":"micrometeorites"},{"word":"micrometeoritic"},{"word":"micrometeoroids"},{"word":"micromorphology"},{"word":"microphotograph"},{"word":"microphotometer"},{"word":"microphotometry"},{"word":"microphysically"},{"word":"microporosities"},{"word":"microprocessors"},{"word":"microprojection"},{"word":"microprojectors"},{"word":"micropublishers"},{"word":"micropublishing"},{"word":"micropulsations"},{"word":"microradiograph"},{"word":"microsatellites"},{"word":"microscopically"},{"word":"microseismicity"},{"word":"microsporangium"},{"word":"microsporocytes"},{"word":"microsporophyll"},{"word":"microstructural"},{"word":"microstructures"},{"word":"microtechniques"},{"word":"microtechnology"},{"word":"microtonalities"},{"word":"militarizations"},{"word":"millenarianisms"},{"word":"millionairesses"},{"word":"mineralizations"},{"word":"mineralogically"},{"word":"miniaturization"},{"word":"misapplications"},{"word":"misapprehending"},{"word":"misapprehension"},{"word":"misappropriated"},{"word":"misappropriates"},{"word":"misarticulating"},{"word":"misattributions"},{"word":"miscalculations"},{"word":"miscegenational"},{"word":"miscellaneously"},{"word":"mischaracterize"},{"word":"mischievousness"},{"word":"miscomputations"},{"word":"misconstruction"},{"word":"miscorrelations"},{"word":"misdescriptions"},{"word":"misdistribution"},{"word":"miserablenesses"},{"word":"misinformations"},{"word":"misinterpreting"},{"word":"mismeasurements"},{"word":"misorientations"},{"word":"misrecollection"},{"word":"misregistration"},{"word":"misrepresenting"},{"word":"missionizations"},{"word":"mistranscribing"},{"word":"mistranslations"},{"word":"mistrustfulness"},{"word":"misutilizations"},{"word":"misvocalization"},{"word":"modifiabilities"},{"word":"mongrelizations"},{"word":"monochromatisms"},{"word":"monocrystalline"},{"word":"monomolecularly"},{"word":"mononucleotides"},{"word":"monopolizations"},{"word":"monopropellants"},{"word":"monosaccharides"},{"word":"monospecificity"},{"word":"monosyllabicity"},{"word":"monounsaturated"},{"word":"monounsaturates"},{"word":"montmorillonite"},{"word":"monumentalities"},{"word":"monumentalizing"},{"word":"morbilliviruses"},{"word":"morphologically"},{"word":"morphophonemics"},{"word":"mountainousness"},{"word":"mountebankeries"},{"word":"mouthwateringly"},{"word":"multiculturally"},{"word":"multidiscipline"},{"word":"multidivisional"},{"word":"multifunctional"},{"word":"multilateralism"},{"word":"multilateralist"},{"word":"multilingualism"},{"word":"multiplications"},{"word":"multipolarities"},{"word":"multiprocessing"},{"word":"multiprocessors"},{"word":"multiracialisms"},{"word":"multitudinously"},{"word":"multiwavelength"},{"word":"musculoskeletal"},{"word":"musicalizations"},{"word":"nanocrystalline"},{"word":"nationalization"},{"word":"naturalizations"},{"word":"nearsightedness"},{"word":"necessitousness"},{"word":"necromantically"},{"word":"negligibilities"},{"word":"negotiabilities"},{"word":"neocolonialisms"},{"word":"neocolonialists"},{"word":"neoconservatism"},{"word":"neoconservative"},{"word":"nephrectomizing"},{"word":"neuroanatomical"},{"word":"neuroanatomists"},{"word":"neurobiological"},{"word":"neurobiologists"},{"word":"neuroblastomata"},{"word":"neurofibrillary"},{"word":"neurohypophyses"},{"word":"neurohypophysis"},{"word":"neuropathically"},{"word":"neuropathologic"},{"word":"neurophysiology"},{"word":"neuroplasticity"},{"word":"neuroprotective"},{"word":"neuropsychiatry"},{"word":"neuropsychology"},{"word":"neuroscientific"},{"word":"neuroscientists"},{"word":"neurosecretions"},{"word":"neurotoxicities"},{"word":"neutralizations"},{"word":"nincompooperies"},{"word":"nitrocelluloses"},{"word":"nitroglycerines"},{"word":"nonachievements"},{"word":"nonadditivities"},{"word":"nonagricultural"},{"word":"nonantagonistic"},{"word":"nonarchitecture"},{"word":"nonaristocratic"},{"word":"nonastronomical"},{"word":"nonavailability"},{"word":"nonbelligerency"},{"word":"nonbelligerents"},{"word":"nonbiographical"},{"word":"nonbiologically"},{"word":"noncarcinogenic"},{"word":"noncelebrations"},{"word":"noncharismatics"},{"word":"noncoincidences"},{"word":"noncompetitions"},{"word":"noncompressible"},{"word":"noncomputerized"},{"word":"nonconcurrences"},{"word":"nonconfidential"},{"word":"nonconformances"},{"word":"nonconformities"},{"word":"nonconservation"},{"word":"nonconservative"},{"word":"nonconsolidated"},{"word":"nonconstruction"},{"word":"nonconstructive"},{"word":"noncontemporary"},{"word":"noncontributory"},{"word":"noncontrollable"},{"word":"nonconventional"},{"word":"noncooperations"},{"word":"noncorrelations"},{"word":"noncredentialed"},{"word":"nondepartmental"},{"word":"nondevelopments"},{"word":"nondisjunctions"},{"word":"nonelectrolytes"},{"word":"nonencapsulated"},{"word":"nonequivalences"},{"word":"nonexperimental"},{"word":"nonexploitation"},{"word":"nonexploitative"},{"word":"nonflammability"},{"word":"nonfulfillments"},{"word":"nongovernmental"},{"word":"nonheterosexual"},{"word":"nonhierarchical"},{"word":"nonhospitalized"},{"word":"nonimplications"},{"word":"nonimportations"},{"word":"nonindependence"},{"word":"noninflammatory"},{"word":"noninflationary"},{"word":"noninflectional"},{"word":"noninfringement"},{"word":"noninsecticidal"},{"word":"noninstrumental"},{"word":"nonintellectual"},{"word":"nonintercourses"},{"word":"noninterference"},{"word":"nonintersecting"},{"word":"nonintervention"},{"word":"nonintimidating"},{"word":"nonintoxicating"},{"word":"noninvolvements"},{"word":"nonjudgmentally"},{"word":"nonmathematical"},{"word":"nonmatriculated"},{"word":"nonmetaphorical"},{"word":"nonmetropolitan"},{"word":"nonobjectivists"},{"word":"nonoccupational"},{"word":"nonparticipants"},{"word":"nonpartisanship"},{"word":"nonphilosophers"},{"word":"nonphotographic"},{"word":"nonprescription"},{"word":"nonprofessional"},{"word":"nonprofessorial"},{"word":"nonpsychiatrist"},{"word":"nonquantifiable"},{"word":"nonquantitative"},{"word":"nonrecombinants"},{"word":"nonrelativistic"},{"word":"nonreproductive"},{"word":"nonsaponifiable"},{"word":"nonsedimentable"},{"word":"nonsensicalness"},{"word":"nonsequentially"},{"word":"nonsimultaneous"},{"word":"nonspecifically"},{"word":"nontotalitarian"},{"word":"nontransferable"},{"word":"norepinephrines"},{"word":"notwithstanding"},{"word":"novemdecillions"},{"word":"nucleophilicity"},{"word":"nucleosyntheses"},{"word":"nucleosynthesis"},{"word":"nucleosynthetic"},{"word":"objectification"},{"word":"objectivenesses"},{"word":"obliviousnesses"},{"word":"obnoxiousnesses"},{"word":"observabilities"},{"word":"observationally"},{"word":"obsessivenesses"},{"word":"obstinatenesses"},{"word":"obstructionisms"},{"word":"obstructionists"},{"word":"obstructiveness"},{"word":"obtainabilities"},{"word":"obtrusivenesses"},{"word":"occidentalizing"},{"word":"oceanographical"},{"word":"odoriferousness"},{"word":"offensivenesses"},{"word":"oligodendrocyte"},{"word":"oligodendroglia"},{"word":"oligomerization"},{"word":"oligonucleotide"},{"word":"oligosaccharide"},{"word":"omnicompetences"},{"word":"omnidirectional"},{"word":"ontogenetically"},{"word":"openheartedness"},{"word":"openmouthedness"},{"word":"operationalisms"},{"word":"operationalists"},{"word":"operativenesses"},{"word":"ophthalmologist"},{"word":"ophthalmoscopes"},{"word":"ophthalmoscopic"},{"word":"opinionatedness"},{"word":"opprobriousness"},{"word":"optoelectronics"},{"word":"orchestrational"},{"word":"organochlorines"},{"word":"organomercurial"},{"word":"organophosphate"},{"word":"orientalization"},{"word":"orientationally"},{"word":"orthodontically"},{"word":"orthogonalities"},{"word":"orthogonalizing"},{"word":"orthophosphates"},{"word":"orthopsychiatry"},{"word":"oscillographies"},{"word":"osmoregulations"},{"word":"osteomyelitides"},{"word":"osteopathically"},{"word":"outdoorsmanship"},{"word":"outmanipulating"},{"word":"outspokennesses"},{"word":"overaccentuated"},{"word":"overaccentuates"},{"word":"overachievement"},{"word":"overadjustments"},{"word":"overadvertising"},{"word":"overapplication"},{"word":"overarticulated"},{"word":"overarticulates"},{"word":"overassessments"},{"word":"overcapitalized"},{"word":"overcapitalizes"},{"word":"overcentralized"},{"word":"overcentralizes"},{"word":"overclassifying"},{"word":"overcommitments"},{"word":"overcommunicate"},{"word":"overcompensated"},{"word":"overcompensates"},{"word":"overcompliances"},{"word":"overcomplicated"},{"word":"overcomplicates"},{"word":"overcompressing"},{"word":"overconfidences"},{"word":"overconfidently"},{"word":"overconstructed"},{"word":"overconsumption"},{"word":"overcontrolling"},{"word":"overcultivation"},{"word":"overdecorations"},{"word":"overdependences"},{"word":"overdevelopment"},{"word":"overdiscounting"},{"word":"overdocumenting"},{"word":"overdramatizing"},{"word":"overeagernesses"},{"word":"overelaborating"},{"word":"overelaboration"},{"word":"overembellished"},{"word":"overembellishes"},{"word":"overemphasizing"},{"word":"overencouraging"},{"word":"overengineering"},{"word":"overentertained"},{"word":"overenthusiasms"},{"word":"overestimations"},{"word":"overevaluations"},{"word":"overexaggerated"},{"word":"overexaggerates"},{"word":"overexpectation"},{"word":"overextractions"},{"word":"overextravagant"},{"word":"overfamiliarity"},{"word":"overfertilizing"},{"word":"overgeneralized"},{"word":"overgeneralizes"},{"word":"overglamorizing"},{"word":"overhomogenized"},{"word":"overhomogenizes"},{"word":"overidentifying"},{"word":"overimaginative"},{"word":"overindulgences"},{"word":"overinvestments"},{"word":"overlengthening"},{"word":"overopinionated"},{"word":"overornamenting"},{"word":"overpersuasions"},{"word":"overpopulations"},{"word":"overpredictions"},{"word":"overprescribing"},{"word":"overprogramming"},{"word":"overproportions"},{"word":"overrefinements"},{"word":"overrepresented"},{"word":"oversensitivity"},{"word":"oversimplifying"},{"word":"overspecialized"},{"word":"overspecializes"},{"word":"overspeculating"},{"word":"overspeculation"},{"word":"overstimulating"},{"word":"overstimulation"},{"word":"oversubscribing"},{"word":"overutilization"},{"word":"overwithholding"},{"word":"overzealousness"},{"word":"ovoviviparously"},{"word":"oxidoreductases"},{"word":"oxyphenbutazone"},{"word":"oxytetracycline"},{"word":"palatalizations"},{"word":"paleobiological"},{"word":"paleobiologists"},{"word":"paleoecological"},{"word":"paleoecologists"},{"word":"paleogeographic"},{"word":"paleomagnetisms"},{"word":"paleomagnetists"},{"word":"paleontological"},{"word":"paleontologists"},{"word":"paleozoological"},{"word":"paleozoologists"},{"word":"palynologically"},{"word":"pantheistically"},{"word":"pantisocratical"},{"word":"pantisocratists"},{"word":"paradoxicalness"},{"word":"paragenetically"},{"word":"paralinguistics"},{"word":"parallelepipeds"},{"word":"parametrization"},{"word":"paramyxoviruses"},{"word":"paranormalities"},{"word":"pararosanilines"},{"word":"parasitizations"},{"word":"parasitological"},{"word":"parasitologists"},{"word":"parasympathetic"},{"word":"parenthetically"},{"word":"parliamentarian"},{"word":"parthenogeneses"},{"word":"parthenogenesis"},{"word":"parthenogenetic"},{"word":"participational"},{"word":"particularising"},{"word":"particularistic"},{"word":"particularities"},{"word":"particularizing"},{"word":"pasteurizations"},{"word":"patentabilities"},{"word":"pathogenicities"},{"word":"pathophysiology"},{"word":"pectinesterases"},{"word":"penetrabilities"},{"word":"pentobarbitones"},{"word":"perfectionistic"},{"word":"perfluorocarbon"},{"word":"perfunctoriness"},{"word":"perinatologists"},{"word":"periodontitides"},{"word":"peripatetically"},{"word":"perishabilities"},{"word":"permissibleness"},{"word":"perpendicularly"},{"word":"persnicketiness"},{"word":"personalization"},{"word":"personification"},{"word":"perspicaciously"},{"word":"perspicuousness"},{"word":"pervasivenesses"},{"word":"pessimistically"},{"word":"pestiferousness"},{"word":"phallocentrisms"},{"word":"phantasmagorias"},{"word":"pharisaicalness"},{"word":"pharmaceuticals"},{"word":"pharmacodynamic"},{"word":"pharmacogenomic"},{"word":"pharmacognosies"},{"word":"pharmacognostic"},{"word":"pharmacokinetic"},{"word":"pharmacological"},{"word":"pharmacologists"},{"word":"pharmacotherapy"},{"word":"phenobarbitones"},{"word":"phenolphthalein"},{"word":"phenomenalistic"},{"word":"phenomenologies"},{"word":"phenomenologist"},{"word":"phenylbutazones"},{"word":"phenylketonuria"},{"word":"phenylketonuric"},{"word":"phenylthioureas"},{"word":"philanthropical"},{"word":"philanthropists"},{"word":"philanthropoids"},{"word":"philosophically"},{"word":"phonocardiogram"},{"word":"phosphatization"},{"word":"phosphocreatine"},{"word":"phosphoproteins"},{"word":"phosphorescence"},{"word":"phosphorylation"},{"word":"phosphorylative"},{"word":"photoautotrophs"},{"word":"photobiological"},{"word":"photobiologists"},{"word":"photochemically"},{"word":"photoconductive"},{"word":"photodegradable"},{"word":"photodissociate"},{"word":"photoduplicated"},{"word":"photoduplicates"},{"word":"photoelectronic"},{"word":"photoengravings"},{"word":"photoexcitation"},{"word":"photogeological"},{"word":"photogeologists"},{"word":"photogrammetric"},{"word":"photoinductions"},{"word":"photoionization"},{"word":"photojournalism"},{"word":"photojournalist"},{"word":"photolithograph"},{"word":"photomechanical"},{"word":"photometrically"},{"word":"photomicrograph"},{"word":"photooxidations"},{"word":"photoperiodisms"},{"word":"photoreceptions"},{"word":"photoreductions"},{"word":"photosensitized"},{"word":"photosensitizer"},{"word":"photosensitizes"},{"word":"photosynthesize"},{"word":"phototactically"},{"word":"phototelegraphy"},{"word":"phototoxicities"},{"word":"phototransistor"},{"word":"phototropically"},{"word":"phototypesetter"},{"word":"phrasemongering"},{"word":"phthalocyanines"},{"word":"physicochemical"},{"word":"physiographical"},{"word":"physiologically"},{"word":"physiopathology"},{"word":"physiotherapies"},{"word":"physiotherapist"},{"word":"phytochemically"},{"word":"phytoflagellate"},{"word":"phytogeographer"},{"word":"phytogeographic"},{"word":"phytopathogenic"},{"word":"phytoplanktonic"},{"word":"phytotoxicities"},{"word":"picturesqueness"},{"word":"pigheadednesses"},{"word":"pinealectomized"},{"word":"pinealectomizes"},{"word":"pinocytotically"},{"word":"plainclothesman"},{"word":"plainclothesmen"},{"word":"plainspokenness"},{"word":"planimetrically"},{"word":"plasticizations"},{"word":"platinocyanides"},{"word":"platitudinarian"},{"word":"platitudinizing"},{"word":"platitudinously"},{"word":"platyhelminthic"},{"word":"pleasurableness"},{"word":"plenipotentiary"},{"word":"plethysmography"},{"word":"pleuropneumonia"},{"word":"pluralistically"},{"word":"plutocratically"},{"word":"pneumonectomies"},{"word":"poliomyelitides"},{"word":"politicizations"},{"word":"polyacrylamides"},{"word":"polycrystalline"},{"word":"polyelectrolyte"},{"word":"polymerisations"},{"word":"polymerizations"},{"word":"polymorphically"},{"word":"polynucleotides"},{"word":"polysaccharides"},{"word":"polyunsaturated"},{"word":"popularizations"},{"word":"postapocalyptic"},{"word":"postconsonantal"},{"word":"postdevaluation"},{"word":"postdivestiture"},{"word":"posthemorrhagic"},{"word":"postinoculation"},{"word":"postirradiation"},{"word":"postmasterships"},{"word":"postmillenarian"},{"word":"postmodernities"},{"word":"postoperatively"},{"word":"postproductions"},{"word":"poststimulation"},{"word":"posttransfusion"},{"word":"postvaccination"},{"word":"practicableness"},{"word":"preagricultural"},{"word":"prearrangements"},{"word":"precancellation"},{"word":"precipitantness"},{"word":"precipitateness"},{"word":"precipitinogens"},{"word":"precipitousness"},{"word":"predestinarians"},{"word":"predestinations"},{"word":"predispositions"},{"word":"preestablishing"},{"word":"prefabrications"},{"word":"preferabilities"},{"word":"preformationist"},{"word":"prehistorically"},{"word":"preimplantation"},{"word":"preinstallation"},{"word":"preinterviewing"},{"word":"prejudicialness"},{"word":"prekindergarten"},{"word":"premanufactured"},{"word":"premanufactures"},{"word":"premillenarians"},{"word":"premillennially"},{"word":"premodification"},{"word":"prenotification"},{"word":"preponderancies"},{"word":"preponderations"},{"word":"prepositionally"},{"word":"prepresidential"},{"word":"preprofessional"},{"word":"preregistration"},{"word":"presentableness"},{"word":"preservationist"},{"word":"pressurizations"},{"word":"prestidigitator"},{"word":"prestigiousness"},{"word":"presuppositions"},{"word":"presynaptically"},{"word":"pretentiousness"},{"word":"preternaturally"},{"word":"prettifications"},{"word":"prioritizations"},{"word":"problematically"},{"word":"procrastinating"},{"word":"procrastination"},{"word":"procrastinators"},{"word":"professionalism"},{"word":"professionalize"},{"word":"profitabilities"},{"word":"prognosticating"},{"word":"prognostication"},{"word":"prognosticative"},{"word":"prognosticators"},{"word":"programmability"},{"word":"progressiveness"},{"word":"progressivistic"},{"word":"progressivities"},{"word":"prohibitionists"},{"word":"prohibitiveness"},{"word":"proletarianised"},{"word":"proletarianises"},{"word":"proletarianized"},{"word":"proletarianizes"},{"word":"promiscuousness"},{"word":"promotabilities"},{"word":"pronunciamentos"},{"word":"pronunciational"},{"word":"proportionality"},{"word":"proportionately"},{"word":"proportionating"},{"word":"proprietorships"},{"word":"proprioceptions"},{"word":"proselytization"},{"word":"prosopographies"},{"word":"prostatectomies"},{"word":"prosthodontists"},{"word":"proteolytically"},{"word":"protoceratopses"},{"word":"protohistorians"},{"word":"protoporphyrins"},{"word":"protozoologists"},{"word":"provincialities"},{"word":"provincializing"},{"word":"provocativeness"},{"word":"prussianization"},{"word":"pseudepigraphon"},{"word":"pseudocoelomate"},{"word":"pseudoephedrine"},{"word":"pseudomorphisms"},{"word":"pseudopregnancy"},{"word":"pseudoscientist"},{"word":"pseudoscorpions"},{"word":"psychedelically"},{"word":"psychiatrically"},{"word":"psychoacoustics"},{"word":"psychoanalyzing"},{"word":"psychobiography"},{"word":"psychobiologies"},{"word":"psychobiologist"},{"word":"psychochemicals"},{"word":"psychogenically"},{"word":"psychohistorian"},{"word":"psychohistories"},{"word":"psycholinguists"},{"word":"psychologically"},{"word":"psychometrician"},{"word":"psychopathology"},{"word":"psychophysicist"},{"word":"psychosexuality"},{"word":"psychosurgeries"},{"word":"psychosyntheses"},{"word":"psychosynthesis"},{"word":"psychotherapies"},{"word":"psychotherapist"},{"word":"psychotomimetic"},{"word":"pulchritudinous"},{"word":"punctiliousness"},{"word":"punishabilities"},{"word":"purposelessness"},{"word":"pusillanimities"},{"word":"pusillanimously"},{"word":"pyramidologists"},{"word":"pyroelectricity"},{"word":"pyrotechnically"},{"word":"pyrotechnicians"},{"word":"quadruplicating"},{"word":"quadruplication"},{"word":"quantifications"},{"word":"quarrelsomeness"},{"word":"quarterfinalist"},{"word":"quatercentenary"},{"word":"quincentenaries"},{"word":"quincentennials"},{"word":"quintuplicating"},{"word":"radiculopathies"},{"word":"radioactivities"},{"word":"radioautographs"},{"word":"radioautography"},{"word":"radiobiological"},{"word":"radiobiologists"},{"word":"radiochemically"},{"word":"radiometrically"},{"word":"radioprotection"},{"word":"radioprotective"},{"word":"radiotelegraphy"},{"word":"radiotelemetric"},{"word":"radiotelephones"},{"word":"radiotherapists"},{"word":"rationalization"},{"word":"reacclimatizing"},{"word":"reaccreditation"},{"word":"reafforestation"},{"word":"reapportionment"},{"word":"reappropriating"},{"word":"reauthorization"},{"word":"recalcitrancies"},{"word":"recanalizations"},{"word":"recapitulations"},{"word":"recertification"},{"word":"rechoreographed"},{"word":"rechromatograph"},{"word":"recodifications"},{"word":"recognizability"},{"word":"recolonizations"},{"word":"recombinational"},{"word":"recommendations"},{"word":"recommissioning"},{"word":"reconcentrating"},{"word":"reconcentration"},{"word":"reconceptualize"},{"word":"reconcilability"},{"word":"reconciliations"},{"word":"reconfiguration"},{"word":"reconnaissances"},{"word":"reconsecrations"},{"word":"reconsideration"},{"word":"reconsolidating"},{"word":"reconstitutions"},{"word":"reconstructible"},{"word":"reconstructions"},{"word":"recontaminating"},{"word":"recontamination"},{"word":"recontextualize"},{"word":"recrystallizing"},{"word":"redetermination"},{"word":"redistillations"},{"word":"redistributions"},{"word":"reduplicatively"},{"word":"reestablishment"},{"word":"refortification"},{"word":"refrangibleness"},{"word":"regionalization"},{"word":"regularizations"},{"word":"rehabilitations"},{"word":"rehospitalizing"},{"word":"reimplantations"},{"word":"reincorporating"},{"word":"reincorporation"},{"word":"reindustrialize"},{"word":"reinstallations"},{"word":"reintroductions"},{"word":"reinvestigating"},{"word":"reinvestigation"},{"word":"reinvigorations"},{"word":"relinquishments"},{"word":"remanufacturers"},{"word":"remanufacturing"},{"word":"rematerializing"},{"word":"rememberability"},{"word":"remonstratively"},{"word":"remorselessness"},{"word":"remythologizing"},{"word":"renationalizing"},{"word":"reorchestrating"},{"word":"reorchestration"},{"word":"reorganizations"},{"word":"repeatabilities"},{"word":"repetitiousness"},{"word":"rephotographing"},{"word":"repolarizations"},{"word":"representations"},{"word":"representatives"},{"word":"repristinations"},{"word":"reprivatization"},{"word":"reproachfulness"},{"word":"reproducibility"},{"word":"republicanizing"},{"word":"repudiationists"},{"word":"reregistrations"},{"word":"reservationists"},{"word":"resocialization"},{"word":"resourcefulness"},{"word":"respectableness"},{"word":"responsibleness"},{"word":"restrengthening"},{"word":"restrictionists"},{"word":"restrictiveness"},{"word":"resurrectionist"},{"word":"retheorizations"},{"word":"retinoblastomas"},{"word":"retransmissions"},{"word":"retribalization"},{"word":"retrogradations"},{"word":"retrogressively"},{"word":"retroperitoneal"},{"word":"retroreflection"},{"word":"retroreflective"},{"word":"retroreflectors"},{"word":"retrospectively"},{"word":"retrovirologist"},{"word":"revalorizations"},{"word":"reversibilities"},{"word":"revisualization"},{"word":"revitalizations"},{"word":"revivifications"},{"word":"revolutionaries"},{"word":"revolutionarily"},{"word":"revolutionising"},{"word":"revolutionizers"},{"word":"revolutionizing"},{"word":"rheumatological"},{"word":"rheumatologists"},{"word":"rhombencephalon"},{"word":"ribonucleosides"},{"word":"ribonucleotides"},{"word":"ritualistically"},{"word":"roentgenography"},{"word":"roentgenologist"},{"word":"romanticization"},{"word":"rudimentariness"},{"word":"rumbustiousness"},{"word":"sabermetricians"},{"word":"sacramentalisms"},{"word":"sacramentalists"},{"word":"sacrosanctities"},{"word":"sadomasochistic"},{"word":"sanctifications"},{"word":"sanctimoniously"},{"word":"saponaceousness"},{"word":"saprophytically"},{"word":"scaremongerings"},{"word":"schematizations"},{"word":"schistosomiasis"},{"word":"schoolmasterish"},{"word":"schoolmistressy"},{"word":"scintillometers"},{"word":"sclerotherapies"},{"word":"sclerotizations"},{"word":"sculpturesquely"},{"word":"securitizations"},{"word":"sedimentologist"},{"word":"segregationists"},{"word":"semiabstraction"},{"word":"semicentennials"},{"word":"semicolonialism"},{"word":"semicrystalline"},{"word":"semicylindrical"},{"word":"semidocumentary"},{"word":"semilogarithmic"},{"word":"semipornography"},{"word":"semisubmersible"},{"word":"semiterrestrial"},{"word":"semitranslucent"},{"word":"semitransparent"},{"word":"sensationalised"},{"word":"sensationalises"},{"word":"sensationalisms"},{"word":"sensationalists"},{"word":"sensationalized"},{"word":"sensationalizes"},{"word":"sensitivenesses"},{"word":"sententiousness"},{"word":"sentimentalised"},{"word":"sentimentalises"},{"word":"sentimentalisms"},{"word":"sentimentalists"},{"word":"sentimentalized"},{"word":"sentimentalizes"},{"word":"septendecillion"},{"word":"serendipitously"},{"word":"seroconversions"},{"word":"seroprevalences"},{"word":"serviceableness"},{"word":"servomechanisms"},{"word":"sesquicarbonate"},{"word":"sesquicentenary"},{"word":"sidesplittingly"},{"word":"sigmoidoscopies"},{"word":"silviculturally"},{"word":"silviculturists"},{"word":"simplifications"},{"word":"slaughterhouses"},{"word":"sledgehammering"},{"word":"snippersnappers"},{"word":"socialistically"},{"word":"sociobiological"},{"word":"sociobiologists"},{"word":"socioculturally"},{"word":"sociohistorical"},{"word":"sociolinguistic"},{"word":"softheartedness"},{"word":"solipsistically"},{"word":"solitudinarians"},{"word":"sophisticatedly"},{"word":"sophistications"},{"word":"specialisations"},{"word":"specializations"},{"word":"spectroscopists"},{"word":"spermatogenesis"},{"word":"spinthariscopes"},{"word":"splendiferously"},{"word":"splenectomizing"},{"word":"spontaneousness"},{"word":"sporangiophores"},{"word":"stadtholderates"},{"word":"stadtholdership"},{"word":"standardization"},{"word":"standoffishness"},{"word":"stereochemistry"},{"word":"stereoisomerism"},{"word":"stereologically"},{"word":"stereotaxically"},{"word":"stereotypically"},{"word":"steroidogenesis"},{"word":"stigmatizations"},{"word":"stoichiometries"},{"word":"straightforward"},{"word":"straightjackets"},{"word":"straitlacedness"},{"word":"stratifications"},{"word":"stratigraphical"},{"word":"stratovolcanoes"},{"word":"streptobacillus"},{"word":"streptocarpuses"},{"word":"streptothricins"},{"word":"strongyloidosis"},{"word":"structuralizing"},{"word":"subcategorizing"},{"word":"subdevelopments"},{"word":"subinfeudations"},{"word":"suboptimization"},{"word":"subordinateness"},{"word":"suborganization"},{"word":"subprofessional"},{"word":"subreptitiously"},{"word":"subspecializing"},{"word":"substantialness"},{"word":"substantiations"},{"word":"substantiveness"},{"word":"substantivizing"},{"word":"substitutionary"},{"word":"subterraneously"},{"word":"suburbanization"},{"word":"subvocalization"},{"word":"succinylcholine"},{"word":"superabundantly"},{"word":"superannuations"},{"word":"superconducting"},{"word":"superconductive"},{"word":"superconductors"},{"word":"supercontinents"},{"word":"superconvenient"},{"word":"superefficiency"},{"word":"superelevations"},{"word":"superfluousness"},{"word":"supergovernment"},{"word":"superheterodyne"},{"word":"superimposition"},{"word":"superindividual"},{"word":"superinductions"},{"word":"superinfections"},{"word":"superintendence"},{"word":"superintendency"},{"word":"superintendents"},{"word":"superlativeness"},{"word":"supermajorities"},{"word":"supernaturalism"},{"word":"supernaturalist"},{"word":"supernumeraries"},{"word":"superparasitism"},{"word":"superpatriotism"},{"word":"superphosphates"},{"word":"superplasticity"},{"word":"supersaturating"},{"word":"supersaturation"},{"word":"superscriptions"},{"word":"superspecialist"},{"word":"superspectacles"},{"word":"superstimulated"},{"word":"superstimulates"},{"word":"superstitiously"},{"word":"superstructural"},{"word":"superstructures"},{"word":"supersymmetries"},{"word":"supplementation"},{"word":"suppressibility"},{"word":"suppressiveness"},{"word":"surreptitiously"},{"word":"susceptibleness"},{"word":"suspensefulness"},{"word":"swellheadedness"},{"word":"sycophantically"},{"word":"syllabification"},{"word":"syllogistically"},{"word":"symmetricalness"},{"word":"symmetrizations"},{"word":"sympathectomies"},{"word":"sympathetically"},{"word":"sympathomimetic"},{"word":"symptomatically"},{"word":"symptomatologic"},{"word":"synchronicities"},{"word":"synchronisation"},{"word":"synchronization"},{"word":"synchronousness"},{"word":"synecdochically"},{"word":"synergistically"},{"word":"systematization"},{"word":"tachyarrhythmia"},{"word":"tarsometatarsus"},{"word":"tatterdemalions"},{"word":"technologically"},{"word":"technostructure"},{"word":"teensploitation"},{"word":"telangiectasias"},{"word":"teleconferences"},{"word":"telegraphically"},{"word":"telekinetically"},{"word":"telephotography"},{"word":"teletypewriters"},{"word":"temerariousness"},{"word":"temperamentally"},{"word":"tempestuousness"},{"word":"tendentiousness"},{"word":"tenderheartedly"},{"word":"teratocarcinoma"},{"word":"tergiversations"},{"word":"territorialists"},{"word":"territorialized"},{"word":"territorializes"},{"word":"tetrahydrofuran"},{"word":"tetramethyllead"},{"word":"thalassocracies"},{"word":"thalassotherapy"},{"word":"theatricalizing"},{"word":"therapeutically"},{"word":"thermochemistry"},{"word":"thermodynamical"},{"word":"thermojunctions"},{"word":"thermoperiodism"},{"word":"thermoreceptors"},{"word":"thermoregulated"},{"word":"thermoregulates"},{"word":"thermoregulator"},{"word":"thermoremanence"},{"word":"thermostability"},{"word":"thirtysomething"},{"word":"thoroughgoingly"},{"word":"thoughtlessness"},{"word":"thromboembolism"},{"word":"thromboplastins"},{"word":"thunderstriking"},{"word":"thyrocalcitonin"},{"word":"thyroidectomies"},{"word":"tightfistedness"},{"word":"toastmistresses"},{"word":"tonsillectomies"},{"word":"topographically"},{"word":"totalitarianism"},{"word":"toxicologically"},{"word":"traditionalisms"},{"word":"traditionalists"},{"word":"traditionalized"},{"word":"traditionalizes"},{"word":"transaminations"},{"word":"transcriptional"},{"word":"transferability"},{"word":"transfiguration"},{"word":"transformations"},{"word":"transhistorical"},{"word":"transilluminate"},{"word":"translatability"},{"word":"transliterating"},{"word":"transliteration"},{"word":"transmigrations"},{"word":"transmissometer"},{"word":"transmogrifying"},{"word":"transparentized"},{"word":"transparentizes"},{"word":"transparentness"},{"word":"transpirational"},{"word":"transplantation"},{"word":"transportations"},{"word":"transpositional"},{"word":"transubstantial"},{"word":"transvaluations"},{"word":"treacherousness"},{"word":"trifluoperazine"},{"word":"trigonometrical"},{"word":"trihalomethanes"},{"word":"trinitrotoluene"},{"word":"trisoctahedrons"},{"word":"trivializations"},{"word":"troubleshooters"},{"word":"troubleshooting"},{"word":"troublesomeness"},{"word":"trueheartedness"},{"word":"trustworthiness"},{"word":"trypanosomiases"},{"word":"trypanosomiasis"},{"word":"turbogenerators"},{"word":"twentysomething"},{"word":"typographically"},{"word":"tyrannosauruses"},{"word":"ultracentrifuge"},{"word":"ultracommercial"},{"word":"ultraconvenient"},{"word":"ultrademocratic"},{"word":"ultrafastidious"},{"word":"ultrafiltration"},{"word":"ultraliberalism"},{"word":"ultramarathoner"},{"word":"ultramicroscope"},{"word":"ultramicrotomes"},{"word":"ultramontanisms"},{"word":"ultrasonography"},{"word":"ultrastructural"},{"word":"ultrastructures"},{"word":"unacceptability"},{"word":"unaccommodating"},{"word":"unadulteratedly"},{"word":"unalterableness"},{"word":"unanswerability"},{"word":"unanticipatedly"},{"word":"unassailability"},{"word":"uncategorizable"},{"word":"unceremoniously"},{"word":"unchallengeable"},{"word":"unchangeability"},{"word":"unchoreographed"},{"word":"unchronological"},{"word":"unclimbableness"},{"word":"uncommunicative"},{"word":"uncompassionate"},{"word":"uncomplainingly"},{"word":"uncomplimentary"},{"word":"uncomprehending"},{"word":"uncompromisable"},{"word":"unconcernedness"},{"word":"unconditionally"},{"word":"unconsciousness"},{"word":"uncontroversial"},{"word":"uncopyrightable"},{"word":"undemonstrative"},{"word":"underdiagnosing"},{"word":"underemphasized"},{"word":"underemphasizes"},{"word":"underemployment"},{"word":"underestimating"},{"word":"underestimation"},{"word":"underhandedness"},{"word":"underinvestment"},{"word":"underperformers"},{"word":"underperforming"},{"word":"underprivileged"},{"word":"underproduction"},{"word":"underpublicized"},{"word":"understandingly"},{"word":"understatements"},{"word":"undervaluations"},{"word":"undesirableness"},{"word":"undistinguished"},{"word":"unemployability"},{"word":"unendurableness"},{"word":"unexceptionable"},{"word":"unexceptionably"},{"word":"unextraordinary"},{"word":"unfavorableness"},{"word":"unforgivingness"},{"word":"unfossiliferous"},{"word":"unguardednesses"},{"word":"unhealthinesses"},{"word":"unhelpfulnesses"},{"word":"unimaginatively"},{"word":"uninformatively"},{"word":"uninhibitedness"},{"word":"unintelligently"},{"word":"unintentionally"},{"word":"uninterpretable"},{"word":"uninterruptedly"},{"word":"unknowabilities"},{"word":"unknowledgeable"},{"word":"unmelodiousness"},{"word":"unmitigatedness"},{"word":"unobjectionable"},{"word":"unobtrusiveness"},{"word":"unparliamentary"},{"word":"unprecedentedly"},{"word":"unprepossessing"},{"word":"unpretentiously"},{"word":"unpronounceable"},{"word":"unquestioningly"},{"word":"unrealistically"},{"word":"unreconstructed"},{"word":"unrevolutionary"},{"word":"unrighteousness"},{"word":"unselfconscious"},{"word":"unselfishnesses"},{"word":"unseriousnesses"},{"word":"unsightlinesses"},{"word":"unsophisticated"},{"word":"unsportsmanlike"},{"word":"unsubstantially"},{"word":"unsubstantiated"},{"word":"unsuitabilities"},{"word":"unsymmetrically"},{"word":"untraditionally"},{"word":"unwillingnesses"},{"word":"unworldlinesses"},{"word":"urogynecologist"},{"word":"valetudinarians"},{"word":"vascularization"},{"word":"vasoconstrictor"},{"word":"vasodilatations"},{"word":"venerablenesses"},{"word":"ventriloquially"},{"word":"ventriloquistic"},{"word":"ventriloquizing"},{"word":"venturesomeness"},{"word":"verisimilitudes"},{"word":"vestimentiferan"},{"word":"vicissitudinous"},{"word":"videoconference"},{"word":"viscoelasticity"},{"word":"vivisectionists"},{"word":"voluntarinesses"},{"word":"voyeuristically"},{"word":"vulnerabilities"},{"word":"wappenschawings"},{"word":"warmheartedness"},{"word":"warrantableness"},{"word":"weatherboarding"},{"word":"weltanschauungs"},{"word":"whatchamacallit"},{"word":"whippersnappers"},{"word":"wholesomenesses"},{"word":"wrongheadedness"},{"word":"xenotransplants"},{"word":"xerographically"},{"word":"xeroradiography"},{"word":"zoogeographical"},{"word":"nonperformances"},{"word":"overproductions"}]