[{"word":"aah"},{"word":"aal"},{"word":"aas"},{"word":"aba"},{"word":"abs"},{"word":"aby"},{"word":"ace"},{"word":"act"},{"word":"add"},{"word":"ado"},{"word":"ads"},{"word":"adz"},{"word":"aff"},{"word":"aft"},{"word":"aga"},{"word":"age"},{"word":"ago"},{"word":"ags"},{"word":"aha"},{"word":"ahi"},{"word":"ahs"},{"word":"aid"},{"word":"ail"},{"word":"aim"},{"word":"ain"},{"word":"air"},{"word":"ais"},{"word":"ait"},{"word":"aji"},{"word":"ala"},{"word":"alb"},{"word":"ale"},{"word":"all"},{"word":"alp"},{"word":"als"},{"word":"alt"},{"word":"ama"},{"word":"ami"},{"word":"amp"},{"word":"amu"},{"word":"ana"},{"word":"and"},{"word":"ane"},{"word":"ani"},{"word":"ant"},{"word":"any"},{"word":"ape"},{"word":"apo"},{"word":"app"},{"word":"apt"},{"word":"arb"},{"word":"arc"},{"word":"are"},{"word":"arf"},{"word":"ark"},{"word":"arm"},{"word":"ars"},{"word":"art"},{"word":"ash"},{"word":"ask"},{"word":"asp"},{"word":"ass"},{"word":"ate"},{"word":"att"},{"word":"auk"},{"word":"ava"},{"word":"ave"},{"word":"avo"},{"word":"awa"},{"word":"awe"},{"word":"awl"},{"word":"awn"},{"word":"axe"},{"word":"aye"},{"word":"ays"},{"word":"azo"},{"word":"baa"},{"word":"bad"},{"word":"bag"},{"word":"bah"},{"word":"bal"},{"word":"bam"},{"word":"ban"},{"word":"bap"},{"word":"bar"},{"word":"bas"},{"word":"bat"},{"word":"bay"},{"word":"bed"},{"word":"bee"},{"word":"beg"},{"word":"bel"},{"word":"ben"},{"word":"bes"},{"word":"bet"},{"word":"bey"},{"word":"bib"},{"word":"bid"},{"word":"big"},{"word":"bin"},{"word":"bio"},{"word":"bis"},{"word":"bit"},{"word":"biz"},{"word":"boa"},{"word":"bob"},{"word":"bod"},{"word":"bog"},{"word":"boo"},{"word":"bop"},{"word":"bos"},{"word":"bot"},{"word":"bow"},{"word":"box"},{"word":"boy"},{"word":"bra"},{"word":"bro"},{"word":"brr"},{"word":"bub"},{"word":"bud"},{"word":"bug"},{"word":"bum"},{"word":"bun"},{"word":"bur"},{"word":"bus"},{"word":"but"},{"word":"buy"},{"word":"bye"},{"word":"bys"},{"word":"cab"},{"word":"cad"},{"word":"caf"},{"word":"cam"},{"word":"can"},{"word":"cap"},{"word":"car"},{"word":"cat"},{"word":"caw"},{"word":"cay"},{"word":"cee"},{"word":"cel"},{"word":"cep"},{"word":"chi"},{"word":"cig"},{"word":"cis"},{"word":"cob"},{"word":"cod"},{"word":"cog"},{"word":"col"},{"word":"con"},{"word":"coo"},{"word":"cop"},{"word":"cor"},{"word":"cos"},{"word":"cot"},{"word":"cow"},{"word":"cox"},{"word":"coy"},{"word":"coz"},{"word":"cru"},{"word":"cry"},{"word":"cub"},{"word":"cud"},{"word":"cue"},{"word":"cum"},{"word":"cup"},{"word":"cur"},{"word":"cut"},{"word":"cuz"},{"word":"cwm"},{"word":"dab"},{"word":"dad"},{"word":"dag"},{"word":"dah"},{"word":"dak"},{"word":"dal"},{"word":"dam"},{"word":"dan"},{"word":"dap"},{"word":"das"},{"word":"daw"},{"word":"day"},{"word":"deb"},{"word":"dee"},{"word":"def"},{"word":"del"},{"word":"den"},{"word":"dep"},{"word":"dev"},{"word":"dew"},{"word":"dex"},{"word":"dey"},{"word":"dib"},{"word":"did"},{"word":"die"},{"word":"dif"},{"word":"dig"},{"word":"dim"},{"word":"din"},{"word":"dip"},{"word":"dis"},{"word":"dit"},{"word":"doc"},{"word":"doe"},{"word":"dog"},{"word":"doh"},{"word":"dol"},{"word":"dom"},{"word":"don"},{"word":"dor"},{"word":"dos"},{"word":"dot"},{"word":"dow"},{"word":"dox"},{"word":"dry"},{"word":"dub"},{"word":"dud"},{"word":"due"},{"word":"dug"},{"word":"duh"},{"word":"dui"},{"word":"dum"},{"word":"dun"},{"word":"duo"},{"word":"dup"},{"word":"dye"},{"word":"ear"},{"word":"eat"},{"word":"eau"},{"word":"ebb"},{"word":"eco"},{"word":"ecu"},{"word":"edh"},{"word":"eds"},{"word":"eek"},{"word":"eel"},{"word":"eew"},{"word":"eff"},{"word":"efs"},{"word":"eft"},{"word":"egg"},{"word":"ego"},{"word":"eke"},{"word":"eld"},{"word":"elf"},{"word":"elk"},{"word":"ell"},{"word":"elm"},{"word":"els"},{"word":"eme"},{"word":"emo"},{"word":"ems"},{"word":"emu"},{"word":"end"},{"word":"eng"},{"word":"ens"},{"word":"eon"},{"word":"era"},{"word":"ere"},{"word":"erg"},{"word":"ern"},{"word":"err"},{"word":"ers"},{"word":"ess"},{"word":"est"},{"word":"eta"},{"word":"eth"},{"word":"eve"},{"word":"ewe"},{"word":"eye"},{"word":"fab"},{"word":"fad"},{"word":"fag"},{"word":"fah"},{"word":"fan"},{"word":"far"},{"word":"fas"},{"word":"fat"},{"word":"fax"},{"word":"fay"},{"word":"fed"},{"word":"fee"},{"word":"feh"},{"word":"fem"},{"word":"fen"},{"word":"fer"},{"word":"fes"},{"word":"fet"},{"word":"feu"},{"word":"few"},{"word":"fey"},{"word":"fez"},{"word":"fib"},{"word":"fid"},{"word":"fie"},{"word":"fig"},{"word":"fil"},{"word":"fin"},{"word":"fir"},{"word":"fit"},{"word":"fix"},{"word":"fiz"},{"word":"flu"},{"word":"fly"},{"word":"fob"},{"word":"foe"},{"word":"fog"},{"word":"foh"},{"word":"fon"},{"word":"foo"},{"word":"fop"},{"word":"for"},{"word":"fou"},{"word":"fox"},{"word":"foy"},{"word":"fro"},{"word":"fry"},{"word":"fub"},{"word":"fud"},{"word":"fug"},{"word":"fun"},{"word":"fur"},{"word":"gab"},{"word":"gad"},{"word":"gae"},{"word":"gag"},{"word":"gal"},{"word":"gam"},{"word":"gan"},{"word":"gap"},{"word":"gar"},{"word":"gas"},{"word":"gat"},{"word":"gay"},{"word":"ged"},{"word":"gee"},{"word":"gel"},{"word":"gem"},{"word":"gen"},{"word":"get"},{"word":"gey"},{"word":"ghi"},{"word":"gib"},{"word":"gid"},{"word":"gie"},{"word":"gif"},{"word":"gig"},{"word":"gin"},{"word":"gip"},{"word":"gis"},{"word":"git"},{"word":"gnu"},{"word":"goa"},{"word":"gob"},{"word":"god"},{"word":"goo"},{"word":"gor"},{"word":"gos"},{"word":"got"},{"word":"gox"},{"word":"grr"},{"word":"gul"},{"word":"gum"},{"word":"gun"},{"word":"gut"},{"word":"guv"},{"word":"guy"},{"word":"gym"},{"word":"gyp"},{"word":"had"},{"word":"hae"},{"word":"hag"},{"word":"hah"},{"word":"haj"},{"word":"ham"},{"word":"hao"},{"word":"hap"},{"word":"has"},{"word":"hat"},{"word":"haw"},{"word":"hay"},{"word":"heh"},{"word":"hem"},{"word":"hen"},{"word":"hep"},{"word":"her"},{"word":"hes"},{"word":"het"},{"word":"hew"},{"word":"hex"},{"word":"hey"},{"word":"hic"},{"word":"hid"},{"word":"hie"},{"word":"him"},{"word":"hin"},{"word":"hip"},{"word":"his"},{"word":"hit"},{"word":"hmm"},{"word":"hob"},{"word":"hod"},{"word":"hoe"},{"word":"hog"},{"word":"hom"},{"word":"hon"},{"word":"hoo"},{"word":"hop"},{"word":"hot"},{"word":"how"},{"word":"hoy"},{"word":"hub"},{"word":"hue"},{"word":"hug"},{"word":"huh"},{"word":"hum"},{"word":"hun"},{"word":"hup"},{"word":"hut"},{"word":"hyp"},{"word":"ice"},{"word":"ich"},{"word":"ick"},{"word":"icy"},{"word":"ids"},{"word":"iff"},{"word":"ifs"},{"word":"igg"},{"word":"ilk"},{"word":"ill"},{"word":"imp"},{"word":"ink"},{"word":"inn"},{"word":"ins"},{"word":"ion"},{"word":"ire"},{"word":"irk"},{"word":"ism"},{"word":"its"},{"word":"ivy"},{"word":"jab"},{"word":"jag"},{"word":"jam"},{"word":"jar"},{"word":"jaw"},{"word":"jay"},{"word":"jee"},{"word":"jet"},{"word":"jeu"},{"word":"jib"},{"word":"jig"},{"word":"jin"},{"word":"job"},{"word":"joe"},{"word":"jog"},{"word":"jot"},{"word":"jow"},{"word":"joy"},{"word":"jug"},{"word":"jun"},{"word":"jus"},{"word":"jut"},{"word":"kab"},{"word":"kae"},{"word":"kaf"},{"word":"kas"},{"word":"kat"},{"word":"kay"},{"word":"kea"},{"word":"kef"},{"word":"keg"},{"word":"ken"},{"word":"kep"},{"word":"kex"},{"word":"key"},{"word":"khi"},{"word":"kid"},{"word":"kif"},{"word":"kin"},{"word":"kip"},{"word":"kir"},{"word":"kis"},{"word":"kit"},{"word":"koa"},{"word":"kob"},{"word":"koi"},{"word":"kop"},{"word":"kor"},{"word":"kos"},{"word":"kue"},{"word":"kye"},{"word":"lab"},{"word":"lac"},{"word":"lad"},{"word":"lag"},{"word":"lah"},{"word":"lam"},{"word":"lap"},{"word":"lar"},{"word":"las"},{"word":"lat"},{"word":"lav"},{"word":"law"},{"word":"lax"},{"word":"lay"},{"word":"lea"},{"word":"led"},{"word":"lee"},{"word":"leg"},{"word":"lei"},{"word":"lek"},{"word":"let"},{"word":"leu"},{"word":"lev"},{"word":"lex"},{"word":"ley"},{"word":"lib"},{"word":"lid"},{"word":"lie"},{"word":"lin"},{"word":"lip"},{"word":"lis"},{"word":"lit"},{"word":"lob"},{"word":"log"},{"word":"loo"},{"word":"lop"},{"word":"lot"},{"word":"low"},{"word":"lox"},{"word":"lud"},{"word":"lug"},{"word":"lum"},{"word":"lun"},{"word":"luv"},{"word":"lux"},{"word":"lye"},{"word":"mac"},{"word":"mad"},{"word":"mae"},{"word":"mag"},{"word":"mam"},{"word":"man"},{"word":"map"},{"word":"mar"},{"word":"mas"},{"word":"mat"},{"word":"maw"},{"word":"max"},{"word":"may"},{"word":"med"},{"word":"meg"},{"word":"meh"},{"word":"mel"},{"word":"mem"},{"word":"men"},{"word":"met"},{"word":"mew"},{"word":"mho"},{"word":"mib"},{"word":"mic"},{"word":"mid"},{"word":"mig"},{"word":"mil"},{"word":"mim"},{"word":"mir"},{"word":"mis"},{"word":"mix"},{"word":"mmm"},{"word":"moa"},{"word":"mob"},{"word":"moc"},{"word":"mod"},{"word":"mog"},{"word":"moi"},{"word":"mol"},{"word":"mom"},{"word":"mon"},{"word":"moo"},{"word":"mop"},{"word":"mor"},{"word":"mos"},{"word":"mot"},{"word":"mow"},{"word":"mud"},{"word":"mug"},{"word":"mum"},{"word":"mun"},{"word":"mus"},{"word":"mut"},{"word":"mux"},{"word":"myc"},{"word":"nab"},{"word":"nae"},{"word":"nag"},{"word":"nah"},{"word":"nam"},{"word":"nan"},{"word":"nap"},{"word":"nav"},{"word":"naw"},{"word":"nay"},{"word":"neb"},{"word":"nee"},{"word":"neg"},{"word":"net"},{"word":"new"},{"word":"nib"},{"word":"nil"},{"word":"nim"},{"word":"nip"},{"word":"nit"},{"word":"nix"},{"word":"nob"},{"word":"nod"},{"word":"nog"},{"word":"noh"},{"word":"nom"},{"word":"noo"},{"word":"nor"},{"word":"nos"},{"word":"not"},{"word":"now"},{"word":"nth"},{"word":"nub"},{"word":"nug"},{"word":"nun"},{"word":"nus"},{"word":"nut"},{"word":"oaf"},{"word":"oak"},{"word":"oar"},{"word":"oat"},{"word":"oba"},{"word":"obe"},{"word":"obi"},{"word":"oca"},{"word":"och"},{"word":"oda"},{"word":"odd"},{"word":"ode"},{"word":"ods"},{"word":"oes"},{"word":"off"},{"word":"oft"},{"word":"ohm"},{"word":"oho"},{"word":"ohs"},{"word":"oik"},{"word":"oil"},{"word":"oka"},{"word":"oke"},{"word":"old"},{"word":"ole"},{"word":"oma"},{"word":"oms"},{"word":"one"},{"word":"ono"},{"word":"ons"},{"word":"oof"},{"word":"ooh"},{"word":"oot"},{"word":"opa"},{"word":"ope"},{"word":"ops"},{"word":"opt"},{"word":"ora"},{"word":"orb"},{"word":"orc"},{"word":"ore"},{"word":"org"},{"word":"ors"},{"word":"ort"},{"word":"ose"},{"word":"oud"},{"word":"our"},{"word":"out"},{"word":"ova"},{"word":"owe"},{"word":"owl"},{"word":"own"},{"word":"owt"},{"word":"oxo"},{"word":"oxy"},{"word":"pac"},{"word":"pad"},{"word":"pah"},{"word":"pak"},{"word":"pal"},{"word":"pam"},{"word":"pan"},{"word":"pap"},{"word":"par"},{"word":"pas"},{"word":"pat"},{"word":"paw"},{"word":"pax"},{"word":"pay"},{"word":"pea"},{"word":"pec"},{"word":"ped"},{"word":"pee"},{"word":"peg"},{"word":"peh"},{"word":"pen"},{"word":"pep"},{"word":"per"},{"word":"pes"},{"word":"pet"},{"word":"pew"},{"word":"phi"},{"word":"pho"},{"word":"pht"},{"word":"pia"},{"word":"pic"},{"word":"pie"},{"word":"pig"},{"word":"pin"},{"word":"pip"},{"word":"pis"},{"word":"pit"},{"word":"piu"},{"word":"pix"},{"word":"ply"},{"word":"pod"},{"word":"poh"},{"word":"poi"},{"word":"pol"},{"word":"pom"},{"word":"poo"},{"word":"pop"},{"word":"pos"},{"word":"pot"},{"word":"pow"},{"word":"pox"},{"word":"pro"},{"word":"pry"},{"word":"psi"},{"word":"pst"},{"word":"pub"},{"word":"pud"},{"word":"pug"},{"word":"pul"},{"word":"pun"},{"word":"pup"},{"word":"pur"},{"word":"pus"},{"word":"put"},{"word":"pya"},{"word":"pye"},{"word":"pyx"},{"word":"qat"},{"word":"qis"},{"word":"qua"},{"word":"rad"},{"word":"rag"},{"word":"rah"},{"word":"rai"},{"word":"raj"},{"word":"ram"},{"word":"ran"},{"word":"rap"},{"word":"ras"},{"word":"rat"},{"word":"raw"},{"word":"rax"},{"word":"ray"},{"word":"reb"},{"word":"rec"},{"word":"red"},{"word":"ree"},{"word":"ref"},{"word":"reg"},{"word":"rei"},{"word":"rem"},{"word":"rep"},{"word":"res"},{"word":"ret"},{"word":"rev"},{"word":"rex"},{"word":"rez"},{"word":"rho"},{"word":"ria"},{"word":"rib"},{"word":"rid"},{"word":"rif"},{"word":"rig"},{"word":"rim"},{"word":"rin"},{"word":"rip"},{"word":"rob"},{"word":"roc"},{"word":"rod"},{"word":"roe"},{"word":"rom"},{"word":"roo"},{"word":"rot"},{"word":"row"},{"word":"rub"},{"word":"rue"},{"word":"rug"},{"word":"rum"},{"word":"run"},{"word":"rut"},{"word":"rya"},{"word":"rye"},{"word":"ryu"},{"word":"sab"},{"word":"sac"},{"word":"sad"},{"word":"sae"},{"word":"sag"},{"word":"sal"},{"word":"san"},{"word":"sap"},{"word":"sat"},{"word":"sau"},{"word":"saw"},{"word":"sax"},{"word":"say"},{"word":"sea"},{"word":"sec"},{"word":"see"},{"word":"seg"},{"word":"sei"},{"word":"sel"},{"word":"sen"},{"word":"ser"},{"word":"set"},{"word":"sev"},{"word":"sew"},{"word":"sex"},{"word":"sha"},{"word":"she"},{"word":"shh"},{"word":"sho"},{"word":"shy"},{"word":"sib"},{"word":"sic"},{"word":"sig"},{"word":"sim"},{"word":"sin"},{"word":"sip"},{"word":"sir"},{"word":"sis"},{"word":"sit"},{"word":"six"},{"word":"ska"},{"word":"ski"},{"word":"sky"},{"word":"sly"},{"word":"sob"},{"word":"soc"},{"word":"sod"},{"word":"soh"},{"word":"sol"},{"word":"som"},{"word":"son"},{"word":"sop"},{"word":"sos"},{"word":"sot"},{"word":"sou"},{"word":"sow"},{"word":"sox"},{"word":"soy"},{"word":"spa"},{"word":"spy"},{"word":"sri"},{"word":"sty"},{"word":"sub"},{"word":"sue"},{"word":"suk"},{"word":"sum"},{"word":"sun"},{"word":"sup"},{"word":"suq"},{"word":"sus"},{"word":"syn"},{"word":"tab"},{"word":"tad"},{"word":"tae"},{"word":"tag"},{"word":"taj"},{"word":"tam"},{"word":"tan"},{"word":"tao"},{"word":"tap"},{"word":"tar"},{"word":"tas"},{"word":"tat"},{"word":"tau"},{"word":"tav"},{"word":"taw"},{"word":"tax"},{"word":"tea"},{"word":"tec"},{"word":"ted"},{"word":"tee"},{"word":"teg"},{"word":"tel"},{"word":"ten"},{"word":"tes"},{"word":"tet"},{"word":"tew"},{"word":"the"},{"word":"tho"},{"word":"thy"},{"word":"tic"},{"word":"tie"},{"word":"til"},{"word":"tin"},{"word":"tip"},{"word":"tis"},{"word":"tit"},{"word":"tix"},{"word":"tiz"},{"word":"tod"},{"word":"toe"},{"word":"tog"},{"word":"tom"},{"word":"ton"},{"word":"too"},{"word":"top"},{"word":"tor"},{"word":"tot"},{"word":"tow"},{"word":"toy"},{"word":"try"},{"word":"tsk"},{"word":"tub"},{"word":"tug"},{"word":"tui"},{"word":"tum"},{"word":"tun"},{"word":"tup"},{"word":"tut"},{"word":"tux"},{"word":"twa"},{"word":"two"},{"word":"tye"},{"word":"udo"},{"word":"ugh"},{"word":"uke"},{"word":"ulu"},{"word":"umm"},{"word":"ump"},{"word":"ums"},{"word":"uni"},{"word":"uns"},{"word":"upo"},{"word":"ups"},{"word":"urb"},{"word":"urd"},{"word":"urn"},{"word":"urp"},{"word":"use"},{"word":"uta"},{"word":"ute"},{"word":"uts"},{"word":"vac"},{"word":"van"},{"word":"var"},{"word":"vas"},{"word":"vat"},{"word":"vau"},{"word":"vav"},{"word":"vaw"},{"word":"vee"},{"word":"veg"},{"word":"vet"},{"word":"vex"},{"word":"via"},{"word":"vid"},{"word":"vie"},{"word":"vig"},{"word":"vim"},{"word":"vin"},{"word":"vis"},{"word":"voe"},{"word":"vog"},{"word":"vow"},{"word":"vox"},{"word":"vug"},{"word":"vum"},{"word":"wab"},{"word":"wad"},{"word":"wae"},{"word":"wag"},{"word":"wan"},{"word":"wap"},{"word":"war"},{"word":"was"},{"word":"wat"},{"word":"waw"},{"word":"wax"},{"word":"way"},{"word":"web"},{"word":"wed"},{"word":"wee"},{"word":"wen"},{"word":"wet"},{"word":"wha"},{"word":"who"},{"word":"why"},{"word":"wig"},{"word":"win"},{"word":"wis"},{"word":"wit"},{"word":"wiz"},{"word":"woe"},{"word":"wok"},{"word":"won"},{"word":"woo"},{"word":"wos"},{"word":"wot"},{"word":"wow"},{"word":"wry"},{"word":"wud"},{"word":"wye"},{"word":"wyn"},{"word":"xis"},{"word":"yag"},{"word":"yah"},{"word":"yak"},{"word":"yam"},{"word":"yap"},{"word":"yar"},{"word":"yas"},{"word":"yaw"},{"word":"yay"},{"word":"yea"},{"word":"yeh"},{"word":"yen"},{"word":"yep"},{"word":"yes"},{"word":"yet"},{"word":"yew"},{"word":"yin"},{"word":"yip"},{"word":"yob"},{"word":"yod"},{"word":"yok"},{"word":"yom"},{"word":"yon"},{"word":"you"},{"word":"yow"},{"word":"yuk"},{"word":"yum"},{"word":"yup"},{"word":"zag"},{"word":"zap"},{"word":"zas"},{"word":"zax"},{"word":"zed"},{"word":"zee"},{"word":"zek"},{"word":"zen"},{"word":"zep"},{"word":"zig"},{"word":"zin"},{"word":"zip"},{"word":"zit"},{"word":"zoa"},{"word":"zoo"},{"word":"zuz"},{"word":"zzz"},{"word":"ack"},{"word":"aro"},{"word":"ats"},{"word":"bae"},{"word":"fam"},{"word":"fav"},{"word":"vax"}]