[{"word":"aahs"},{"word":"aals"},{"word":"abas"},{"word":"abba"},{"word":"abbe"},{"word":"abed"},{"word":"abet"},{"word":"able"},{"word":"ably"},{"word":"abri"},{"word":"abut"},{"word":"abye"},{"word":"abys"},{"word":"acai"},{"word":"aced"},{"word":"aces"},{"word":"ache"},{"word":"achy"},{"word":"acid"},{"word":"acme"},{"word":"acne"},{"word":"acre"},{"word":"acro"},{"word":"acta"},{"word":"acts"},{"word":"acyl"},{"word":"adds"},{"word":"adit"},{"word":"ados"},{"word":"adze"},{"word":"aeon"},{"word":"aero"},{"word":"aery"},{"word":"afar"},{"word":"afro"},{"word":"agar"},{"word":"agas"},{"word":"aged"},{"word":"agee"},{"word":"ager"},{"word":"ages"},{"word":"agha"},{"word":"agin"},{"word":"agio"},{"word":"aglu"},{"word":"agly"},{"word":"agma"},{"word":"agog"},{"word":"agon"},{"word":"agro"},{"word":"ague"},{"word":"ahed"},{"word":"ahem"},{"word":"ahis"},{"word":"ahoy"},{"word":"aide"},{"word":"aids"},{"word":"ails"},{"word":"aims"},{"word":"ains"},{"word":"airn"},{"word":"airs"},{"word":"airt"},{"word":"airy"},{"word":"aits"},{"word":"ajar"},{"word":"ajee"},{"word":"ajis"},{"word":"akee"},{"word":"akin"},{"word":"alae"},{"word":"alan"},{"word":"alar"},{"word":"alas"},{"word":"alba"},{"word":"albs"},{"word":"alec"},{"word":"alee"},{"word":"alef"},{"word":"ales"},{"word":"alfa"},{"word":"alga"},{"word":"alif"},{"word":"alit"},{"word":"alky"},{"word":"alls"},{"word":"ally"},{"word":"alma"},{"word":"alme"},{"word":"alms"},{"word":"aloe"},{"word":"alow"},{"word":"alps"},{"word":"also"},{"word":"alto"},{"word":"alts"},{"word":"alum"},{"word":"amah"},{"word":"amas"},{"word":"ambo"},{"word":"amen"},{"word":"amia"},{"word":"amid"},{"word":"amie"},{"word":"amin"},{"word":"amir"},{"word":"amis"},{"word":"ammo"},{"word":"amok"},{"word":"amps"},{"word":"amus"},{"word":"amyl"},{"word":"anal"},{"word":"anas"},{"word":"ands"},{"word":"anes"},{"word":"anew"},{"word":"anga"},{"word":"anil"},{"word":"anis"},{"word":"ankh"},{"word":"anna"},{"word":"anoa"},{"word":"anon"},{"word":"ansa"},{"word":"anta"},{"word":"ante"},{"word":"anti"},{"word":"ants"},{"word":"anus"},{"word":"aped"},{"word":"aper"},{"word":"apes"},{"word":"apex"},{"word":"apod"},{"word":"apos"},{"word":"apps"},{"word":"apse"},{"word":"aqua"},{"word":"arak"},{"word":"arbs"},{"word":"arch"},{"word":"arco"},{"word":"arcs"},{"word":"area"},{"word":"areg"},{"word":"ares"},{"word":"arfs"},{"word":"argh"},{"word":"aria"},{"word":"arid"},{"word":"aril"},{"word":"arks"},{"word":"arms"},{"word":"army"},{"word":"arts"},{"word":"arty"},{"word":"arum"},{"word":"arvo"},{"word":"aryl"},{"word":"asci"},{"word":"asea"},{"word":"ashy"},{"word":"asks"},{"word":"asps"},{"word":"atap"},{"word":"ates"},{"word":"atma"},{"word":"atom"},{"word":"atop"},{"word":"augh"},{"word":"auks"},{"word":"auld"},{"word":"aunt"},{"word":"aura"},{"word":"auto"},{"word":"aver"},{"word":"aves"},{"word":"avid"},{"word":"avos"},{"word":"avow"},{"word":"away"},{"word":"awed"},{"word":"awee"},{"word":"awes"},{"word":"awls"},{"word":"awns"},{"word":"awny"},{"word":"awol"},{"word":"awry"},{"word":"axal"},{"word":"axed"},{"word":"axel"},{"word":"axes"},{"word":"axil"},{"word":"axis"},{"word":"axle"},{"word":"axon"},{"word":"ayah"},{"word":"ayes"},{"word":"ayin"},{"word":"azan"},{"word":"azon"},{"word":"baal"},{"word":"baas"},{"word":"baba"},{"word":"babe"},{"word":"babu"},{"word":"baby"},{"word":"bach"},{"word":"back"},{"word":"bade"},{"word":"bads"},{"word":"baff"},{"word":"bags"},{"word":"baht"},{"word":"bail"},{"word":"bait"},{"word":"bake"},{"word":"bald"},{"word":"bale"},{"word":"balk"},{"word":"ball"},{"word":"balm"},{"word":"bals"},{"word":"bams"},{"word":"banc"},{"word":"band"},{"word":"bane"},{"word":"bang"},{"word":"bani"},{"word":"bank"},{"word":"bans"},{"word":"baps"},{"word":"barb"},{"word":"bard"},{"word":"bare"},{"word":"barf"},{"word":"bark"},{"word":"barm"},{"word":"barn"},{"word":"bars"},{"word":"base"},{"word":"bash"},{"word":"bask"},{"word":"bass"},{"word":"bast"},{"word":"bate"},{"word":"bath"},{"word":"bats"},{"word":"batt"},{"word":"baud"},{"word":"bawd"},{"word":"bawk"},{"word":"bawl"},{"word":"bawn"},{"word":"bays"},{"word":"bazz"},{"word":"bead"},{"word":"beak"},{"word":"beal"},{"word":"beam"},{"word":"bean"},{"word":"bear"},{"word":"beat"},{"word":"beau"},{"word":"beck"},{"word":"beds"},{"word":"bedu"},{"word":"beef"},{"word":"been"},{"word":"beep"},{"word":"beer"},{"word":"bees"},{"word":"beet"},{"word":"begs"},{"word":"bell"},{"word":"bels"},{"word":"belt"},{"word":"bema"},{"word":"bend"},{"word":"bene"},{"word":"bens"},{"word":"bent"},{"word":"berg"},{"word":"berk"},{"word":"berm"},{"word":"best"},{"word":"beta"},{"word":"beth"},{"word":"bets"},{"word":"bevy"},{"word":"beys"},{"word":"bhut"},{"word":"bias"},{"word":"bibb"},{"word":"bibe"},{"word":"bibs"},{"word":"bice"},{"word":"bide"},{"word":"bidi"},{"word":"bids"},{"word":"bier"},{"word":"biff"},{"word":"bigs"},{"word":"bike"},{"word":"bile"},{"word":"bilk"},{"word":"bill"},{"word":"bima"},{"word":"bind"},{"word":"bine"},{"word":"bing"},{"word":"bins"},{"word":"bint"},{"word":"biog"},{"word":"bios"},{"word":"bird"},{"word":"birk"},{"word":"birl"},{"word":"birr"},{"word":"bise"},{"word":"bish"},{"word":"bisk"},{"word":"bite"},{"word":"bits"},{"word":"bitt"},{"word":"bize"},{"word":"blab"},{"word":"blae"},{"word":"blag"},{"word":"blah"},{"word":"blam"},{"word":"blat"},{"word":"blaw"},{"word":"bleb"},{"word":"bled"},{"word":"blet"},{"word":"blew"},{"word":"blin"},{"word":"blip"},{"word":"blob"},{"word":"bloc"},{"word":"blog"},{"word":"blot"},{"word":"blow"},{"word":"blub"},{"word":"blue"},{"word":"blur"},{"word":"boar"},{"word":"boas"},{"word":"boat"},{"word":"bobo"},{"word":"bobs"},{"word":"bock"},{"word":"bode"},{"word":"bods"},{"word":"body"},{"word":"boff"},{"word":"bogs"},{"word":"bogy"},{"word":"boho"},{"word":"boil"},{"word":"bola"},{"word":"bold"},{"word":"bole"},{"word":"boll"},{"word":"bolo"},{"word":"bolt"},{"word":"bomb"},{"word":"bond"},{"word":"bone"},{"word":"bong"},{"word":"bonk"},{"word":"bony"},{"word":"boob"},{"word":"book"},{"word":"boom"},{"word":"boon"},{"word":"boor"},{"word":"boos"},{"word":"boot"},{"word":"bops"},{"word":"bora"},{"word":"bore"},{"word":"bork"},{"word":"born"},{"word":"bort"},{"word":"bosh"},{"word":"bosk"},{"word":"boss"},{"word":"bota"},{"word":"both"},{"word":"bots"},{"word":"bott"},{"word":"bout"},{"word":"bowl"},{"word":"bows"},{"word":"boxy"},{"word":"boyo"},{"word":"boys"},{"word":"bozo"},{"word":"brad"},{"word":"brae"},{"word":"brag"},{"word":"bran"},{"word":"bras"},{"word":"brat"},{"word":"braw"},{"word":"bray"},{"word":"bred"},{"word":"bree"},{"word":"bren"},{"word":"brew"},{"word":"brie"},{"word":"brig"},{"word":"brim"},{"word":"brin"},{"word":"brio"},{"word":"bris"},{"word":"brit"},{"word":"broo"},{"word":"bros"},{"word":"brow"},{"word":"brrr"},{"word":"brut"},{"word":"brux"},{"word":"bubo"},{"word":"bubs"},{"word":"bubu"},{"word":"buck"},{"word":"buds"},{"word":"buff"},{"word":"bugs"},{"word":"buhl"},{"word":"buhr"},{"word":"bulb"},{"word":"bulk"},{"word":"bull"},{"word":"bumf"},{"word":"bump"},{"word":"bums"},{"word":"buna"},{"word":"bund"},{"word":"bung"},{"word":"bunk"},{"word":"bunn"},{"word":"buns"},{"word":"bunt"},{"word":"buoy"},{"word":"bura"},{"word":"burb"},{"word":"burd"},{"word":"burg"},{"word":"burk"},{"word":"burl"},{"word":"burn"},{"word":"burp"},{"word":"burr"},{"word":"burs"},{"word":"bury"},{"word":"bush"},{"word":"busk"},{"word":"buss"},{"word":"bust"},{"word":"busy"},{"word":"bute"},{"word":"buts"},{"word":"butt"},{"word":"buys"},{"word":"buzz"},{"word":"byes"},{"word":"byre"},{"word":"byrl"},{"word":"byte"},{"word":"cabs"},{"word":"caca"},{"word":"cade"},{"word":"cadi"},{"word":"cads"},{"word":"cafe"},{"word":"caff"},{"word":"cafs"},{"word":"cage"},{"word":"cagy"},{"word":"caid"},{"word":"cain"},{"word":"cake"},{"word":"caky"},{"word":"calf"},{"word":"calk"},{"word":"call"},{"word":"calm"},{"word":"calo"},{"word":"calx"},{"word":"came"},{"word":"cami"},{"word":"camo"},{"word":"camp"},{"word":"cams"},{"word":"cane"},{"word":"cans"},{"word":"cant"},{"word":"cape"},{"word":"caph"},{"word":"capo"},{"word":"caps"},{"word":"carb"},{"word":"card"},{"word":"care"},{"word":"cark"},{"word":"carl"},{"word":"carn"},{"word":"carp"},{"word":"carr"},{"word":"cars"},{"word":"cart"},{"word":"casa"},{"word":"case"},{"word":"cash"},{"word":"cask"},{"word":"cast"},{"word":"cate"},{"word":"cats"},{"word":"caul"},{"word":"cava"},{"word":"cave"},{"word":"cavy"},{"word":"caws"},{"word":"cays"},{"word":"cazh"},{"word":"ceca"},{"word":"cede"},{"word":"cedi"},{"word":"cees"},{"word":"ceil"},{"word":"cell"},{"word":"cels"},{"word":"celt"},{"word":"cent"},{"word":"cepe"},{"word":"ceps"},{"word":"cere"},{"word":"cero"},{"word":"cert"},{"word":"cess"},{"word":"cete"},{"word":"chad"},{"word":"chai"},{"word":"cham"},{"word":"chao"},{"word":"chap"},{"word":"char"},{"word":"chat"},{"word":"chaw"},{"word":"chay"},{"word":"chef"},{"word":"chem"},{"word":"chew"},{"word":"chez"},{"word":"chia"},{"word":"chic"},{"word":"chid"},{"word":"chin"},{"word":"chip"},{"word":"chis"},{"word":"chit"},{"word":"choc"},{"word":"chon"},{"word":"chop"},{"word":"chow"},{"word":"chub"},{"word":"chug"},{"word":"chum"},{"word":"ciao"},{"word":"cigs"},{"word":"cine"},{"word":"cinq"},{"word":"cion"},{"word":"cire"},{"word":"cist"},{"word":"cite"},{"word":"city"},{"word":"clad"},{"word":"clag"},{"word":"clam"},{"word":"clan"},{"word":"clap"},{"word":"claw"},{"word":"clay"},{"word":"clef"},{"word":"cleg"},{"word":"clew"},{"word":"clip"},{"word":"clod"},{"word":"clog"},{"word":"clon"},{"word":"clop"},{"word":"clot"},{"word":"cloy"},{"word":"club"},{"word":"clue"},{"word":"coal"},{"word":"coat"},{"word":"coax"},{"word":"cobb"},{"word":"cobs"},{"word":"coca"},{"word":"cock"},{"word":"coco"},{"word":"coda"},{"word":"code"},{"word":"cods"},{"word":"coed"},{"word":"coff"},{"word":"coft"},{"word":"cogs"},{"word":"coho"},{"word":"coif"},{"word":"coil"},{"word":"coin"},{"word":"coir"},{"word":"coke"},{"word":"coky"},{"word":"cola"},{"word":"cold"},{"word":"cole"},{"word":"cols"},{"word":"colt"},{"word":"coly"},{"word":"coma"},{"word":"comb"},{"word":"come"},{"word":"comm"},{"word":"comp"},{"word":"cone"},{"word":"coni"},{"word":"conk"},{"word":"conn"},{"word":"cons"},{"word":"cony"},{"word":"coof"},{"word":"cook"},{"word":"cool"},{"word":"coon"},{"word":"coop"},{"word":"coos"},{"word":"coot"},{"word":"cope"},{"word":"cops"},{"word":"copy"},{"word":"cord"},{"word":"core"},{"word":"corf"},{"word":"cork"},{"word":"corm"},{"word":"corn"},{"word":"cors"},{"word":"cory"},{"word":"cosh"},{"word":"coss"},{"word":"cost"},{"word":"cosy"},{"word":"cote"},{"word":"cots"},{"word":"coup"},{"word":"cove"},{"word":"cowl"},{"word":"cows"},{"word":"cowy"},{"word":"coxa"},{"word":"coys"},{"word":"cozy"},{"word":"crab"},{"word":"crag"},{"word":"cram"},{"word":"crap"},{"word":"craw"},{"word":"cred"},{"word":"crew"},{"word":"crib"},{"word":"cris"},{"word":"crit"},{"word":"croc"},{"word":"crop"},{"word":"crow"},{"word":"crud"},{"word":"crus"},{"word":"crux"},{"word":"cube"},{"word":"cubs"},{"word":"cuds"},{"word":"cued"},{"word":"cues"},{"word":"cuff"},{"word":"cuif"},{"word":"cuke"},{"word":"cull"},{"word":"culm"},{"word":"cult"},{"word":"cups"},{"word":"curb"},{"word":"curd"},{"word":"cure"},{"word":"curf"},{"word":"curl"},{"word":"curn"},{"word":"curr"},{"word":"curs"},{"word":"curt"},{"word":"cusk"},{"word":"cusp"},{"word":"cuss"},{"word":"cute"},{"word":"cuts"},{"word":"cwms"},{"word":"cyan"},{"word":"cyma"},{"word":"cyme"},{"word":"cyst"},{"word":"czar"},{"word":"dabs"},{"word":"dace"},{"word":"dada"},{"word":"dado"},{"word":"dads"},{"word":"daff"},{"word":"daft"},{"word":"dags"},{"word":"dahl"},{"word":"dahs"},{"word":"dais"},{"word":"daks"},{"word":"dale"},{"word":"dals"},{"word":"dame"},{"word":"damn"},{"word":"damp"},{"word":"dams"},{"word":"dang"},{"word":"dank"},{"word":"dans"},{"word":"daps"},{"word":"darb"},{"word":"dare"},{"word":"dark"},{"word":"darn"},{"word":"dart"},{"word":"dash"},{"word":"data"},{"word":"date"},{"word":"dato"},{"word":"daub"},{"word":"daut"},{"word":"davy"},{"word":"dawk"},{"word":"dawn"},{"word":"daws"},{"word":"dawt"},{"word":"days"},{"word":"daze"},{"word":"dead"},{"word":"deaf"},{"word":"deal"},{"word":"dean"},{"word":"dear"},{"word":"debs"},{"word":"debt"},{"word":"deck"},{"word":"deco"},{"word":"deed"},{"word":"deem"},{"word":"deep"},{"word":"deer"},{"word":"dees"},{"word":"deet"},{"word":"defi"},{"word":"deft"},{"word":"defy"},{"word":"deil"},{"word":"deke"},{"word":"dele"},{"word":"delf"},{"word":"deli"},{"word":"dell"},{"word":"dels"},{"word":"delt"},{"word":"deme"},{"word":"demo"},{"word":"demy"},{"word":"dene"},{"word":"deni"},{"word":"dens"},{"word":"dent"},{"word":"deny"},{"word":"deps"},{"word":"dere"},{"word":"derm"},{"word":"desi"},{"word":"desk"},{"word":"deva"},{"word":"devi"},{"word":"devs"},{"word":"dews"},{"word":"dewy"},{"word":"dexy"},{"word":"deys"},{"word":"dhak"},{"word":"dhal"},{"word":"dhow"},{"word":"dial"},{"word":"dibs"},{"word":"dice"},{"word":"dick"},{"word":"dido"},{"word":"didy"},{"word":"died"},{"word":"diel"},{"word":"dies"},{"word":"diet"},{"word":"diff"},{"word":"difs"},{"word":"digs"},{"word":"dike"},{"word":"dill"},{"word":"dime"},{"word":"dims"},{"word":"dine"},{"word":"ding"},{"word":"dink"},{"word":"dino"},{"word":"dins"},{"word":"dint"},{"word":"diol"},{"word":"dips"},{"word":"dipt"},{"word":"dire"},{"word":"dirk"},{"word":"dirl"},{"word":"dirt"},{"word":"disc"},{"word":"dish"},{"word":"disk"},{"word":"diss"},{"word":"dita"},{"word":"dite"},{"word":"dits"},{"word":"ditz"},{"word":"diva"},{"word":"dive"},{"word":"djin"},{"word":"doat"},{"word":"dobe"},{"word":"doby"},{"word":"dock"},{"word":"docs"},{"word":"dodo"},{"word":"doer"},{"word":"does"},{"word":"doff"},{"word":"doge"},{"word":"dogs"},{"word":"dogy"},{"word":"dohs"},{"word":"doit"},{"word":"dojo"},{"word":"dole"},{"word":"doll"},{"word":"dols"},{"word":"dolt"},{"word":"dome"},{"word":"doms"},{"word":"dona"},{"word":"done"},{"word":"dong"},{"word":"dons"},{"word":"doob"},{"word":"doom"},{"word":"door"},{"word":"dopa"},{"word":"dope"},{"word":"dopy"},{"word":"dore"},{"word":"dork"},{"word":"dorm"},{"word":"dorp"},{"word":"dorr"},{"word":"dors"},{"word":"dory"},{"word":"dosa"},{"word":"dose"},{"word":"dosh"},{"word":"doss"},{"word":"dost"},{"word":"dote"},{"word":"doth"},{"word":"dots"},{"word":"doty"},{"word":"doum"},{"word":"dour"},{"word":"dout"},{"word":"doux"},{"word":"dove"},{"word":"down"},{"word":"dows"},{"word":"doxx"},{"word":"doxy"},{"word":"doze"},{"word":"dozy"},{"word":"drab"},{"word":"drag"},{"word":"dram"},{"word":"drat"},{"word":"draw"},{"word":"dray"},{"word":"dree"},{"word":"dreg"},{"word":"drek"},{"word":"drew"},{"word":"drib"},{"word":"drip"},{"word":"drop"},{"word":"drub"},{"word":"drug"},{"word":"drum"},{"word":"drys"},{"word":"duad"},{"word":"dual"},{"word":"dubs"},{"word":"duce"},{"word":"duci"},{"word":"duck"},{"word":"duct"},{"word":"dude"},{"word":"duds"},{"word":"duel"},{"word":"dues"},{"word":"duet"},{"word":"duff"},{"word":"dugs"},{"word":"duit"},{"word":"duke"},{"word":"dull"},{"word":"duly"},{"word":"duma"},{"word":"dumb"},{"word":"dump"},{"word":"dune"},{"word":"dung"},{"word":"dunk"},{"word":"duns"},{"word":"dunt"},{"word":"duos"},{"word":"dupe"},{"word":"dups"},{"word":"dura"},{"word":"dure"},{"word":"durn"},{"word":"duro"},{"word":"durr"},{"word":"dusk"},{"word":"dust"},{"word":"duty"},{"word":"dyad"},{"word":"dyed"},{"word":"dyer"},{"word":"dyes"},{"word":"dyke"},{"word":"dyne"},{"word":"each"},{"word":"earl"},{"word":"earn"},{"word":"ears"},{"word":"ease"},{"word":"east"},{"word":"easy"},{"word":"eath"},{"word":"eats"},{"word":"eaux"},{"word":"eave"},{"word":"ebbs"},{"word":"ebon"},{"word":"eche"},{"word":"echo"},{"word":"echt"},{"word":"ecos"},{"word":"ecru"},{"word":"ecus"},{"word":"eddo"},{"word":"eddy"},{"word":"edge"},{"word":"edgy"},{"word":"edhs"},{"word":"edit"},{"word":"eeew"},{"word":"eels"},{"word":"eely"},{"word":"eery"},{"word":"effs"},{"word":"efts"},{"word":"egad"},{"word":"egal"},{"word":"eger"},{"word":"eggs"},{"word":"eggy"},{"word":"egis"},{"word":"egos"},{"word":"eide"},{"word":"eked"},{"word":"ekes"},{"word":"ekka"},{"word":"elan"},{"word":"elds"},{"word":"elhi"},{"word":"elks"},{"word":"ells"},{"word":"elms"},{"word":"elmy"},{"word":"else"},{"word":"emes"},{"word":"emeu"},{"word":"emic"},{"word":"emir"},{"word":"emit"},{"word":"emos"},{"word":"emus"},{"word":"emyd"},{"word":"ends"},{"word":"engs"},{"word":"enol"},{"word":"enow"},{"word":"envy"},{"word":"eons"},{"word":"epee"},{"word":"epha"},{"word":"epic"},{"word":"epos"},{"word":"eras"},{"word":"ergo"},{"word":"ergs"},{"word":"erne"},{"word":"erns"},{"word":"eros"},{"word":"errs"},{"word":"erst"},{"word":"eruv"},{"word":"eses"},{"word":"esne"},{"word":"espy"},{"word":"esse"},{"word":"ests"},{"word":"etas"},{"word":"etch"},{"word":"eths"},{"word":"etic"},{"word":"etna"},{"word":"etui"},{"word":"euro"},{"word":"even"},{"word":"ever"},{"word":"eves"},{"word":"evil"},{"word":"ewer"},{"word":"ewes"},{"word":"exam"},{"word":"exec"},{"word":"exed"},{"word":"exes"},{"word":"exit"},{"word":"exon"},{"word":"expo"},{"word":"eyas"},{"word":"eyed"},{"word":"eyen"},{"word":"eyer"},{"word":"eyes"},{"word":"eyne"},{"word":"eyra"},{"word":"eyre"},{"word":"eyry"},{"word":"fabs"},{"word":"face"},{"word":"fact"},{"word":"fade"},{"word":"fado"},{"word":"fads"},{"word":"faff"},{"word":"fags"},{"word":"fahs"},{"word":"fail"},{"word":"fain"},{"word":"fair"},{"word":"fake"},{"word":"fall"},{"word":"falx"},{"word":"fame"},{"word":"fane"},{"word":"fang"},{"word":"fano"},{"word":"fans"},{"word":"fard"},{"word":"fare"},{"word":"farl"},{"word":"farm"},{"word":"faro"},{"word":"fash"},{"word":"fast"},{"word":"fate"},{"word":"fats"},{"word":"faun"},{"word":"faux"},{"word":"fava"},{"word":"fave"},{"word":"fawn"},{"word":"fays"},{"word":"faze"},{"word":"feal"},{"word":"fear"},{"word":"feat"},{"word":"feck"},{"word":"feds"},{"word":"feeb"},{"word":"feed"},{"word":"feel"},{"word":"fees"},{"word":"feet"},{"word":"fehs"},{"word":"fell"},{"word":"felt"},{"word":"feme"},{"word":"fems"},{"word":"fend"},{"word":"fens"},{"word":"feod"},{"word":"fere"},{"word":"fern"},{"word":"fess"},{"word":"fest"},{"word":"feta"},{"word":"fete"},{"word":"fets"},{"word":"feud"},{"word":"feus"},{"word":"fiar"},{"word":"fiat"},{"word":"fibs"},{"word":"fice"},{"word":"fico"},{"word":"fido"},{"word":"fids"},{"word":"fief"},{"word":"fife"},{"word":"figs"},{"word":"fila"},{"word":"file"},{"word":"filk"},{"word":"fill"},{"word":"film"},{"word":"filo"},{"word":"fils"},{"word":"find"},{"word":"fine"},{"word":"fink"},{"word":"fino"},{"word":"fins"},{"word":"fire"},{"word":"firm"},{"word":"firn"},{"word":"firs"},{"word":"fisc"},{"word":"fish"},{"word":"fist"},{"word":"fits"},{"word":"five"},{"word":"fixt"},{"word":"fizz"},{"word":"flab"},{"word":"flag"},{"word":"flak"},{"word":"flam"},{"word":"flan"},{"word":"flap"},{"word":"flat"},{"word":"flaw"},{"word":"flax"},{"word":"flay"},{"word":"flea"},{"word":"fled"},{"word":"flee"},{"word":"flew"},{"word":"flex"},{"word":"fley"},{"word":"flic"},{"word":"flip"},{"word":"flir"},{"word":"flit"},{"word":"floc"},{"word":"floe"},{"word":"flog"},{"word":"flop"},{"word":"flow"},{"word":"flub"},{"word":"flue"},{"word":"flus"},{"word":"flux"},{"word":"foal"},{"word":"foam"},{"word":"fobs"},{"word":"foci"},{"word":"foes"},{"word":"fogs"},{"word":"fogy"},{"word":"fohn"},{"word":"foil"},{"word":"foin"},{"word":"fold"},{"word":"folk"},{"word":"fond"},{"word":"fons"},{"word":"font"},{"word":"food"},{"word":"fool"},{"word":"foos"},{"word":"foot"},{"word":"fops"},{"word":"fora"},{"word":"forb"},{"word":"ford"},{"word":"fore"},{"word":"fork"},{"word":"form"},{"word":"fort"},{"word":"foss"},{"word":"foul"},{"word":"four"},{"word":"fowl"},{"word":"foxy"},{"word":"foys"},{"word":"fozy"},{"word":"frae"},{"word":"frag"},{"word":"frap"},{"word":"frat"},{"word":"fray"},{"word":"free"},{"word":"fret"},{"word":"frig"},{"word":"frit"},{"word":"friz"},{"word":"froe"},{"word":"frog"},{"word":"from"},{"word":"frow"},{"word":"frug"},{"word":"fubs"},{"word":"fuci"},{"word":"fuds"},{"word":"fuel"},{"word":"fugs"},{"word":"fugu"},{"word":"fuji"},{"word":"full"},{"word":"fume"},{"word":"fumy"},{"word":"fund"},{"word":"funk"},{"word":"funs"},{"word":"furl"},{"word":"furs"},{"word":"fury"},{"word":"fuse"},{"word":"fuss"},{"word":"futz"},{"word":"fuze"},{"word":"fuzz"},{"word":"fyce"},{"word":"fyke"},{"word":"gabs"},{"word":"gaby"},{"word":"gach"},{"word":"gadi"},{"word":"gads"},{"word":"gaed"},{"word":"gaen"},{"word":"gaes"},{"word":"gaff"},{"word":"gaga"},{"word":"gage"},{"word":"gags"},{"word":"gain"},{"word":"gait"},{"word":"gala"},{"word":"gale"},{"word":"gall"},{"word":"gals"},{"word":"gama"},{"word":"gamb"},{"word":"game"},{"word":"gamp"},{"word":"gams"},{"word":"gamy"},{"word":"gane"},{"word":"gang"},{"word":"gaol"},{"word":"gape"},{"word":"gaps"},{"word":"gapy"},{"word":"garb"},{"word":"gars"},{"word":"gash"},{"word":"gasp"},{"word":"gast"},{"word":"gate"},{"word":"gats"},{"word":"gaud"},{"word":"gaum"},{"word":"gaun"},{"word":"gaur"},{"word":"gave"},{"word":"gawk"},{"word":"gawp"},{"word":"gays"},{"word":"gaze"},{"word":"gear"},{"word":"geck"},{"word":"geds"},{"word":"geed"},{"word":"geek"},{"word":"gees"},{"word":"geez"},{"word":"geld"},{"word":"gels"},{"word":"gelt"},{"word":"gems"},{"word":"gene"},{"word":"gens"},{"word":"gent"},{"word":"genu"},{"word":"germ"},{"word":"gest"},{"word":"geta"},{"word":"gets"},{"word":"geum"},{"word":"ghat"},{"word":"ghee"},{"word":"ghis"},{"word":"gibe"},{"word":"gibs"},{"word":"gids"},{"word":"gied"},{"word":"gien"},{"word":"gies"},{"word":"gifs"},{"word":"gift"},{"word":"giga"},{"word":"gigs"},{"word":"gild"},{"word":"gill"},{"word":"gilt"},{"word":"gimp"},{"word":"gink"},{"word":"gins"},{"word":"gips"},{"word":"gird"},{"word":"girl"},{"word":"girn"},{"word":"giro"},{"word":"girt"},{"word":"gist"},{"word":"gite"},{"word":"gits"},{"word":"give"},{"word":"glad"},{"word":"glam"},{"word":"gled"},{"word":"glee"},{"word":"gleg"},{"word":"glen"},{"word":"gley"},{"word":"glia"},{"word":"glib"},{"word":"glim"},{"word":"glob"},{"word":"glom"},{"word":"glop"},{"word":"glow"},{"word":"glue"},{"word":"glug"},{"word":"glum"},{"word":"glut"},{"word":"gnar"},{"word":"gnat"},{"word":"gnaw"},{"word":"gnus"},{"word":"goad"},{"word":"goal"},{"word":"goas"},{"word":"goat"},{"word":"gobo"},{"word":"gobs"},{"word":"goby"},{"word":"gods"},{"word":"goer"},{"word":"goes"},{"word":"gogo"},{"word":"goji"},{"word":"gold"},{"word":"golf"},{"word":"gone"},{"word":"gong"},{"word":"good"},{"word":"goof"},{"word":"gook"},{"word":"goon"},{"word":"goop"},{"word":"goos"},{"word":"gore"},{"word":"gorm"},{"word":"gorp"},{"word":"gory"},{"word":"gosh"},{"word":"goth"},{"word":"gout"},{"word":"gowd"},{"word":"gowk"},{"word":"gown"},{"word":"grab"},{"word":"grad"},{"word":"gram"},{"word":"gran"},{"word":"grat"},{"word":"gray"},{"word":"gree"},{"word":"grew"},{"word":"grey"},{"word":"grid"},{"word":"grig"},{"word":"grim"},{"word":"grin"},{"word":"grip"},{"word":"grit"},{"word":"griz"},{"word":"grog"},{"word":"grok"},{"word":"grot"},{"word":"grow"},{"word":"grub"},{"word":"grue"},{"word":"grum"},{"word":"guan"},{"word":"guar"},{"word":"guck"},{"word":"gude"},{"word":"guff"},{"word":"guid"},{"word":"gulf"},{"word":"gull"},{"word":"gulp"},{"word":"guls"},{"word":"gums"},{"word":"gunk"},{"word":"guns"},{"word":"guru"},{"word":"gush"},{"word":"gust"},{"word":"guts"},{"word":"guvs"},{"word":"guys"},{"word":"gybe"},{"word":"gyms"},{"word":"gyno"},{"word":"gypo"},{"word":"gyps"},{"word":"gyre"},{"word":"gyri"},{"word":"gyro"},{"word":"gyve"},{"word":"haaf"},{"word":"haar"},{"word":"habu"},{"word":"hack"},{"word":"hade"},{"word":"hadj"},{"word":"haed"},{"word":"haem"},{"word":"haen"},{"word":"haes"},{"word":"haet"},{"word":"haft"},{"word":"hags"},{"word":"haha"},{"word":"hahs"},{"word":"haik"},{"word":"hail"},{"word":"hair"},{"word":"haji"},{"word":"hajj"},{"word":"hake"},{"word":"haku"},{"word":"hale"},{"word":"half"},{"word":"hall"},{"word":"halm"},{"word":"halo"},{"word":"halt"},{"word":"hame"},{"word":"hams"},{"word":"hand"},{"word":"hang"},{"word":"hank"},{"word":"hant"},{"word":"haps"},{"word":"hard"},{"word":"hare"},{"word":"hark"},{"word":"harl"},{"word":"harm"},{"word":"harp"},{"word":"hart"},{"word":"hash"},{"word":"hasp"},{"word":"hast"},{"word":"hate"},{"word":"hath"},{"word":"hats"},{"word":"haul"},{"word":"haut"},{"word":"have"},{"word":"hawk"},{"word":"haws"},{"word":"hays"},{"word":"haze"},{"word":"hazy"},{"word":"head"},{"word":"heal"},{"word":"heap"},{"word":"hear"},{"word":"heat"},{"word":"heck"},{"word":"heed"},{"word":"heel"},{"word":"heft"},{"word":"hehs"},{"word":"heil"},{"word":"heir"},{"word":"held"},{"word":"hell"},{"word":"helm"},{"word":"helo"},{"word":"help"},{"word":"heme"},{"word":"hemp"},{"word":"hems"},{"word":"hens"},{"word":"hent"},{"word":"heps"},{"word":"herb"},{"word":"herd"},{"word":"here"},{"word":"herl"},{"word":"herm"},{"word":"hern"},{"word":"hero"},{"word":"hers"},{"word":"hest"},{"word":"heth"},{"word":"hets"},{"word":"hewn"},{"word":"hews"},{"word":"hick"},{"word":"hide"},{"word":"hied"},{"word":"hies"},{"word":"high"},{"word":"hike"},{"word":"hila"},{"word":"hili"},{"word":"hill"},{"word":"hilt"},{"word":"hims"},{"word":"hind"},{"word":"hins"},{"word":"hint"},{"word":"hips"},{"word":"hire"},{"word":"hisn"},{"word":"hiss"},{"word":"hist"},{"word":"hits"},{"word":"hive"},{"word":"hiya"},{"word":"hoar"},{"word":"hoax"},{"word":"hobo"},{"word":"hobs"},{"word":"hock"},{"word":"hods"},{"word":"hoed"},{"word":"hoer"},{"word":"hoes"},{"word":"hogg"},{"word":"hogs"},{"word":"hoke"},{"word":"hold"},{"word":"hole"},{"word":"holk"},{"word":"holm"},{"word":"holo"},{"word":"holp"},{"word":"hols"},{"word":"holt"},{"word":"holy"},{"word":"homa"},{"word":"home"},{"word":"homo"},{"word":"homs"},{"word":"homy"},{"word":"hone"},{"word":"hong"},{"word":"honk"},{"word":"hons"},{"word":"hood"},{"word":"hoof"},{"word":"hook"},{"word":"hoop"},{"word":"hoot"},{"word":"hope"},{"word":"hops"},{"word":"hora"},{"word":"hork"},{"word":"horn"},{"word":"hose"},{"word":"host"},{"word":"hots"},{"word":"hour"},{"word":"hove"},{"word":"howe"},{"word":"howf"},{"word":"howk"},{"word":"howl"},{"word":"hows"},{"word":"hoya"},{"word":"hoys"},{"word":"hubs"},{"word":"huck"},{"word":"hued"},{"word":"hues"},{"word":"huff"},{"word":"huge"},{"word":"hugs"},{"word":"huic"},{"word":"hula"},{"word":"hulk"},{"word":"hull"},{"word":"hump"},{"word":"hums"},{"word":"hung"},{"word":"hunh"},{"word":"hunk"},{"word":"huns"},{"word":"hunt"},{"word":"hurl"},{"word":"hurt"},{"word":"hush"},{"word":"husk"},{"word":"huts"},{"word":"hwan"},{"word":"hwyl"},{"word":"hyla"},{"word":"hymn"},{"word":"hype"},{"word":"hypo"},{"word":"hyps"},{"word":"hyte"},{"word":"iamb"},{"word":"ibex"},{"word":"ibis"},{"word":"iced"},{"word":"ices"},{"word":"ichs"},{"word":"icks"},{"word":"icky"},{"word":"icon"},{"word":"idea"},{"word":"idem"},{"word":"ides"},{"word":"idle"},{"word":"idly"},{"word":"idol"},{"word":"idyl"},{"word":"iffy"},{"word":"iggs"},{"word":"iglu"},{"word":"ikat"},{"word":"ikon"},{"word":"ilea"},{"word":"ilex"},{"word":"ilia"},{"word":"ilka"},{"word":"ilks"},{"word":"ills"},{"word":"illy"},{"word":"imam"},{"word":"imid"},{"word":"immy"},{"word":"impi"},{"word":"imps"},{"word":"inby"},{"word":"inch"},{"word":"info"},{"word":"inia"},{"word":"inks"},{"word":"inky"},{"word":"inly"},{"word":"inns"},{"word":"inro"},{"word":"inti"},{"word":"into"},{"word":"ions"},{"word":"iota"},{"word":"ired"},{"word":"ires"},{"word":"irid"},{"word":"iris"},{"word":"irks"},{"word":"iron"},{"word":"isba"},{"word":"isle"},{"word":"isms"},{"word":"itch"},{"word":"item"},{"word":"iwis"},{"word":"ixia"},{"word":"izar"},{"word":"jabs"},{"word":"jack"},{"word":"jade"},{"word":"jagg"},{"word":"jags"},{"word":"jail"},{"word":"jake"},{"word":"jamb"},{"word":"jams"},{"word":"jane"},{"word":"jape"},{"word":"jarl"},{"word":"jars"},{"word":"jato"},{"word":"jauk"},{"word":"jaup"},{"word":"java"},{"word":"jaws"},{"word":"jays"},{"word":"jazz"},{"word":"jean"},{"word":"jeed"},{"word":"jeep"},{"word":"jeer"},{"word":"jees"},{"word":"jeez"},{"word":"jefe"},{"word":"jehu"},{"word":"jell"},{"word":"jeon"},{"word":"jerk"},{"word":"jess"},{"word":"jest"},{"word":"jete"},{"word":"jets"},{"word":"jeux"},{"word":"jiao"},{"word":"jibb"},{"word":"jibe"},{"word":"jibs"},{"word":"jiff"},{"word":"jigs"},{"word":"jill"},{"word":"jilt"},{"word":"jimp"},{"word":"jink"},{"word":"jinn"},{"word":"jins"},{"word":"jinx"},{"word":"jird"},{"word":"jive"},{"word":"jivy"},{"word":"jobs"},{"word":"jock"},{"word":"joes"},{"word":"joey"},{"word":"jogs"},{"word":"john"},{"word":"join"},{"word":"joke"},{"word":"joky"},{"word":"jole"},{"word":"jolt"},{"word":"jook"},{"word":"josh"},{"word":"joss"},{"word":"jota"},{"word":"jots"},{"word":"jouk"},{"word":"jowl"},{"word":"jows"},{"word":"joys"},{"word":"juba"},{"word":"jube"},{"word":"juco"},{"word":"judo"},{"word":"judy"},{"word":"juga"},{"word":"jugs"},{"word":"juju"},{"word":"juke"},{"word":"juku"},{"word":"jump"},{"word":"junk"},{"word":"jupe"},{"word":"jura"},{"word":"jury"},{"word":"just"},{"word":"jute"},{"word":"juts"},{"word":"kaas"},{"word":"kabs"},{"word":"kadi"},{"word":"kaes"},{"word":"kafs"},{"word":"kagu"},{"word":"kaif"},{"word":"kail"},{"word":"kain"},{"word":"kaka"},{"word":"kaki"},{"word":"kale"},{"word":"kame"},{"word":"kami"},{"word":"kana"},{"word":"kane"},{"word":"kaon"},{"word":"kapa"},{"word":"kaph"},{"word":"kapu"},{"word":"karn"},{"word":"kart"},{"word":"kata"},{"word":"kats"},{"word":"kava"},{"word":"kayo"},{"word":"kays"},{"word":"kbar"},{"word":"keas"},{"word":"keck"},{"word":"keef"},{"word":"keek"},{"word":"keel"},{"word":"keen"},{"word":"keep"},{"word":"keet"},{"word":"kefs"},{"word":"kegs"},{"word":"keir"},{"word":"kelp"},{"word":"kelt"},{"word":"kemp"},{"word":"keno"},{"word":"kens"},{"word":"kent"},{"word":"kepi"},{"word":"keps"},{"word":"kept"},{"word":"kerb"},{"word":"kerf"},{"word":"kern"},{"word":"keta"},{"word":"keto"},{"word":"keys"},{"word":"khaf"},{"word":"khan"},{"word":"khat"},{"word":"khet"},{"word":"khis"},{"word":"kibe"},{"word":"kick"},{"word":"kids"},{"word":"kief"},{"word":"kier"},{"word":"kifs"},{"word":"kill"},{"word":"kiln"},{"word":"kilo"},{"word":"kilt"},{"word":"kina"},{"word":"kind"},{"word":"kine"},{"word":"king"},{"word":"kink"},{"word":"kino"},{"word":"kins"},{"word":"kips"},{"word":"kirk"},{"word":"kirn"},{"word":"kirs"},{"word":"kiss"},{"word":"kist"},{"word":"kite"},{"word":"kith"},{"word":"kits"},{"word":"kiva"},{"word":"kiwi"},{"word":"klik"},{"word":"knap"},{"word":"knar"},{"word":"knee"},{"word":"knew"},{"word":"knit"},{"word":"knob"},{"word":"knop"},{"word":"knot"},{"word":"know"},{"word":"knur"},{"word":"koan"},{"word":"koas"},{"word":"kobo"},{"word":"kobs"},{"word":"koel"},{"word":"kohl"},{"word":"kois"},{"word":"koji"},{"word":"kola"},{"word":"kolo"},{"word":"konk"},{"word":"kook"},{"word":"koph"},{"word":"kops"},{"word":"kora"},{"word":"kore"},{"word":"kors"},{"word":"koss"},{"word":"koto"},{"word":"krai"},{"word":"kray"},{"word":"kris"},{"word":"kudo"},{"word":"kudu"},{"word":"kues"},{"word":"kufi"},{"word":"kuna"},{"word":"kune"},{"word":"kuru"},{"word":"kvas"},{"word":"kyak"},{"word":"kyar"},{"word":"kyat"},{"word":"kyes"},{"word":"kyte"},{"word":"labs"},{"word":"lace"},{"word":"lack"},{"word":"lacs"},{"word":"lacy"},{"word":"lade"},{"word":"lads"},{"word":"lady"},{"word":"lags"},{"word":"lahs"},{"word":"laic"},{"word":"laid"},{"word":"lain"},{"word":"lair"},{"word":"lake"},{"word":"lakh"},{"word":"laky"},{"word":"lall"},{"word":"lama"},{"word":"lamb"},{"word":"lame"},{"word":"lamp"},{"word":"lams"},{"word":"land"},{"word":"lane"},{"word":"lang"},{"word":"lank"},{"word":"laps"},{"word":"lard"},{"word":"lari"},{"word":"lark"},{"word":"larn"},{"word":"lars"},{"word":"lase"},{"word":"lash"},{"word":"lass"},{"word":"last"},{"word":"late"},{"word":"lath"},{"word":"lati"},{"word":"lats"},{"word":"latu"},{"word":"laud"},{"word":"lava"},{"word":"lave"},{"word":"lavs"},{"word":"lawn"},{"word":"laws"},{"word":"lays"},{"word":"laze"},{"word":"lazy"},{"word":"lead"},{"word":"leaf"},{"word":"leak"},{"word":"leal"},{"word":"lean"},{"word":"leap"},{"word":"lear"},{"word":"leas"},{"word":"lech"},{"word":"lede"},{"word":"leek"},{"word":"leer"},{"word":"lees"},{"word":"leet"},{"word":"left"},{"word":"legs"},{"word":"lehr"},{"word":"leis"},{"word":"leke"},{"word":"leks"},{"word":"leku"},{"word":"lend"},{"word":"leno"},{"word":"lens"},{"word":"lent"},{"word":"lept"},{"word":"less"},{"word":"lest"},{"word":"lets"},{"word":"leud"},{"word":"leva"},{"word":"levo"},{"word":"levs"},{"word":"levy"},{"word":"lewd"},{"word":"leys"},{"word":"liar"},{"word":"lias"},{"word":"libs"},{"word":"lice"},{"word":"lich"},{"word":"lick"},{"word":"lido"},{"word":"lids"},{"word":"lied"},{"word":"lief"},{"word":"lien"},{"word":"lier"},{"word":"lies"},{"word":"lieu"},{"word":"life"},{"word":"lift"},{"word":"like"},{"word":"lilt"},{"word":"lily"},{"word":"lima"},{"word":"limb"},{"word":"lime"},{"word":"limn"},{"word":"limo"},{"word":"limp"},{"word":"limy"},{"word":"line"},{"word":"ling"},{"word":"link"},{"word":"linn"},{"word":"lino"},{"word":"lins"},{"word":"lint"},{"word":"liny"},{"word":"lion"},{"word":"lipa"},{"word":"lipe"},{"word":"lipo"},{"word":"lips"},{"word":"lira"},{"word":"lire"},{"word":"liri"},{"word":"lisp"},{"word":"list"},{"word":"lite"},{"word":"lits"},{"word":"litu"},{"word":"live"},{"word":"load"},{"word":"loaf"},{"word":"loam"},{"word":"loan"},{"word":"lobe"},{"word":"lobo"},{"word":"lobs"},{"word":"loca"},{"word":"loch"},{"word":"loci"},{"word":"lock"},{"word":"loco"},{"word":"lode"},{"word":"loft"},{"word":"loge"},{"word":"logo"},{"word":"logs"},{"word":"logy"},{"word":"loid"},{"word":"loin"},{"word":"loll"},{"word":"lone"},{"word":"long"},{"word":"loof"},{"word":"look"},{"word":"loom"},{"word":"loon"},{"word":"loop"},{"word":"loos"},{"word":"loot"},{"word":"lope"},{"word":"lops"},{"word":"lord"},{"word":"lore"},{"word":"lorn"},{"word":"lory"},{"word":"lose"},{"word":"loss"},{"word":"lost"},{"word":"lota"},{"word":"loth"},{"word":"loti"},{"word":"loto"},{"word":"lots"},{"word":"loud"},{"word":"loup"},{"word":"lour"},{"word":"lout"},{"word":"love"},{"word":"lowe"},{"word":"lown"},{"word":"lows"},{"word":"luau"},{"word":"lube"},{"word":"luce"},{"word":"luck"},{"word":"lude"},{"word":"ludo"},{"word":"luds"},{"word":"lues"},{"word":"luff"},{"word":"luge"},{"word":"lugs"},{"word":"lull"},{"word":"lulu"},{"word":"luma"},{"word":"lump"},{"word":"lums"},{"word":"luna"},{"word":"lune"},{"word":"lung"},{"word":"lunk"},{"word":"luns"},{"word":"lunt"},{"word":"luny"},{"word":"lure"},{"word":"lurk"},{"word":"lush"},{"word":"lust"},{"word":"lute"},{"word":"lutz"},{"word":"luvs"},{"word":"luxe"},{"word":"lwei"},{"word":"lych"},{"word":"lyes"},{"word":"lynx"},{"word":"lyre"},{"word":"lyse"},{"word":"maar"},{"word":"mabe"},{"word":"mace"},{"word":"mach"},{"word":"mack"},{"word":"macs"},{"word":"made"},{"word":"mads"},{"word":"maes"},{"word":"mage"},{"word":"magi"},{"word":"mags"},{"word":"maid"},{"word":"mail"},{"word":"maim"},{"word":"main"},{"word":"mair"},{"word":"make"},{"word":"maki"},{"word":"mako"},{"word":"male"},{"word":"mall"},{"word":"malm"},{"word":"malt"},{"word":"mama"},{"word":"mams"},{"word":"mana"},{"word":"mane"},{"word":"mano"},{"word":"mans"},{"word":"many"},{"word":"maps"},{"word":"mara"},{"word":"marc"},{"word":"mare"},{"word":"mark"},{"word":"marl"},{"word":"mars"},{"word":"mart"},{"word":"masa"},{"word":"mash"},{"word":"mask"},{"word":"mass"},{"word":"mast"},{"word":"mate"},{"word":"math"},{"word":"mats"},{"word":"matt"},{"word":"maud"},{"word":"maul"},{"word":"maun"},{"word":"maut"},{"word":"mawn"},{"word":"maws"},{"word":"maxi"},{"word":"maya"},{"word":"mayo"},{"word":"mays"},{"word":"maze"},{"word":"mazy"},{"word":"mead"},{"word":"meal"},{"word":"mean"},{"word":"meat"},{"word":"mech"},{"word":"meds"},{"word":"meed"},{"word":"meek"},{"word":"meet"},{"word":"mega"},{"word":"megs"},{"word":"meld"},{"word":"mell"},{"word":"mels"},{"word":"melt"},{"word":"meme"},{"word":"memo"},{"word":"mems"},{"word":"mend"},{"word":"meno"},{"word":"menu"},{"word":"meou"},{"word":"meow"},{"word":"merc"},{"word":"mere"},{"word":"merk"},{"word":"merl"},{"word":"mesa"},{"word":"mesh"},{"word":"mess"},{"word":"meta"},{"word":"mete"},{"word":"meth"},{"word":"mewl"},{"word":"mews"},{"word":"meze"},{"word":"mhos"},{"word":"mibs"},{"word":"mica"},{"word":"mice"},{"word":"mics"},{"word":"midi"},{"word":"mids"},{"word":"mien"},{"word":"miff"},{"word":"migg"},{"word":"migs"},{"word":"mike"},{"word":"mild"},{"word":"mile"},{"word":"milk"},{"word":"mill"},{"word":"milo"},{"word":"mils"},{"word":"milt"},{"word":"mime"},{"word":"mina"},{"word":"mind"},{"word":"mine"},{"word":"mini"},{"word":"mink"},{"word":"mint"},{"word":"minx"},{"word":"mire"},{"word":"miri"},{"word":"mirk"},{"word":"mirs"},{"word":"miry"},{"word":"mise"},{"word":"miso"},{"word":"miss"},{"word":"mist"},{"word":"mite"},{"word":"mitt"},{"word":"mity"},{"word":"mixt"},{"word":"moan"},{"word":"moas"},{"word":"moat"},{"word":"mobs"},{"word":"mock"},{"word":"mocs"},{"word":"mode"},{"word":"modi"},{"word":"mods"},{"word":"mogs"},{"word":"moho"},{"word":"moil"},{"word":"mojo"},{"word":"moke"},{"word":"mola"},{"word":"mold"},{"word":"mole"},{"word":"moll"},{"word":"mols"},{"word":"molt"},{"word":"moly"},{"word":"mome"},{"word":"momi"},{"word":"moms"},{"word":"monk"},{"word":"mono"},{"word":"mons"},{"word":"mony"},{"word":"mood"},{"word":"mook"},{"word":"mool"},{"word":"moon"},{"word":"moor"},{"word":"moos"},{"word":"moot"},{"word":"mope"},{"word":"mops"},{"word":"mopy"},{"word":"mora"},{"word":"more"},{"word":"morn"},{"word":"mors"},{"word":"mort"},{"word":"mosh"},{"word":"mosk"},{"word":"moss"},{"word":"most"},{"word":"mote"},{"word":"moth"},{"word":"mots"},{"word":"mott"},{"word":"moue"},{"word":"move"},{"word":"mown"},{"word":"mows"},{"word":"moxa"},{"word":"mozo"},{"word":"much"},{"word":"muck"},{"word":"muds"},{"word":"muff"},{"word":"mugg"},{"word":"mugs"},{"word":"mule"},{"word":"mull"},{"word":"mumm"},{"word":"mump"},{"word":"mums"},{"word":"mumu"},{"word":"mung"},{"word":"muni"},{"word":"muns"},{"word":"muon"},{"word":"mura"},{"word":"mure"},{"word":"murk"},{"word":"murr"},{"word":"muse"},{"word":"mush"},{"word":"musk"},{"word":"muso"},{"word":"muss"},{"word":"must"},{"word":"mute"},{"word":"muts"},{"word":"mutt"},{"word":"mycs"},{"word":"myna"},{"word":"myth"},{"word":"naan"},{"word":"nabe"},{"word":"nabs"},{"word":"nada"},{"word":"naes"},{"word":"naff"},{"word":"naga"},{"word":"nags"},{"word":"naif"},{"word":"nail"},{"word":"nala"},{"word":"name"},{"word":"nana"},{"word":"nano"},{"word":"nans"},{"word":"naoi"},{"word":"naos"},{"word":"napa"},{"word":"nape"},{"word":"naps"},{"word":"narc"},{"word":"nard"},{"word":"nark"},{"word":"nary"},{"word":"nave"},{"word":"navs"},{"word":"navy"},{"word":"nays"},{"word":"nazi"},{"word":"neap"},{"word":"near"},{"word":"neat"},{"word":"nebs"},{"word":"neck"},{"word":"need"},{"word":"neem"},{"word":"neep"},{"word":"negs"},{"word":"neif"},{"word":"nema"},{"word":"nene"},{"word":"neon"},{"word":"nerd"},{"word":"ness"},{"word":"nest"},{"word":"nets"},{"word":"nett"},{"word":"neuk"},{"word":"neum"},{"word":"neve"},{"word":"nevi"},{"word":"newb"},{"word":"news"},{"word":"newt"},{"word":"next"},{"word":"nibs"},{"word":"nice"},{"word":"nick"},{"word":"nide"},{"word":"nidi"},{"word":"niff"},{"word":"nigh"},{"word":"nill"},{"word":"nils"},{"word":"nims"},{"word":"nine"},{"word":"nipa"},{"word":"nips"},{"word":"nisi"},{"word":"nite"},{"word":"nits"},{"word":"nixe"},{"word":"nixy"},{"word":"nobs"},{"word":"nock"},{"word":"node"},{"word":"nodi"},{"word":"nods"},{"word":"noel"},{"word":"noes"},{"word":"nogg"},{"word":"nogs"},{"word":"noil"},{"word":"noir"},{"word":"nolo"},{"word":"noma"},{"word":"nome"},{"word":"noms"},{"word":"nona"},{"word":"none"},{"word":"noni"},{"word":"nook"},{"word":"noon"},{"word":"nope"},{"word":"nori"},{"word":"norm"},{"word":"nose"},{"word":"nosh"},{"word":"nosy"},{"word":"nota"},{"word":"note"},{"word":"noun"},{"word":"nous"},{"word":"nova"},{"word":"nows"},{"word":"nowt"},{"word":"nubs"},{"word":"nude"},{"word":"nuff"},{"word":"nugs"},{"word":"nuke"},{"word":"null"},{"word":"numb"},{"word":"nuns"},{"word":"nurd"},{"word":"nurl"},{"word":"nuts"},{"word":"nyah"},{"word":"oafs"},{"word":"oaks"},{"word":"oaky"},{"word":"oars"},{"word":"oast"},{"word":"oath"},{"word":"oats"},{"word":"oaty"},{"word":"obas"},{"word":"obes"},{"word":"obey"},{"word":"obia"},{"word":"obis"},{"word":"obit"},{"word":"oboe"},{"word":"obol"},{"word":"ocas"},{"word":"oche"},{"word":"odah"},{"word":"odas"},{"word":"odds"},{"word":"odea"},{"word":"odes"},{"word":"odic"},{"word":"odor"},{"word":"odyl"},{"word":"offs"},{"word":"ogam"},{"word":"ogee"},{"word":"ogle"},{"word":"ogre"},{"word":"ohed"},{"word":"ohia"},{"word":"ohms"},{"word":"oiks"},{"word":"oils"},{"word":"oily"},{"word":"oink"},{"word":"okas"},{"word":"okay"},{"word":"okeh"},{"word":"okes"},{"word":"okra"},{"word":"olde"},{"word":"olds"},{"word":"oldy"},{"word":"olea"},{"word":"oleo"},{"word":"oles"},{"word":"olio"},{"word":"olla"},{"word":"omas"},{"word":"omen"},{"word":"omer"},{"word":"omit"},{"word":"once"},{"word":"ones"},{"word":"only"},{"word":"onos"},{"word":"onto"},{"word":"onus"},{"word":"onyx"},{"word":"oohs"},{"word":"oops"},{"word":"oots"},{"word":"ooze"},{"word":"oozy"},{"word":"opah"},{"word":"opal"},{"word":"opas"},{"word":"oped"},{"word":"open"},{"word":"opes"},{"word":"opts"},{"word":"opus"},{"word":"orad"},{"word":"oral"},{"word":"orbs"},{"word":"orby"},{"word":"orca"},{"word":"orcs"},{"word":"ordo"},{"word":"ores"},{"word":"orgs"},{"word":"orgy"},{"word":"orle"},{"word":"orra"},{"word":"orts"},{"word":"oryx"},{"word":"orzo"},{"word":"osar"},{"word":"oses"},{"word":"ossa"},{"word":"otic"},{"word":"otto"},{"word":"ouch"},{"word":"ouds"},{"word":"ouph"},{"word":"ours"},{"word":"oust"},{"word":"outs"},{"word":"ouzo"},{"word":"oval"},{"word":"oven"},{"word":"over"},{"word":"ovum"},{"word":"owed"},{"word":"owes"},{"word":"owie"},{"word":"owls"},{"word":"owly"},{"word":"owns"},{"word":"owse"},{"word":"owts"},{"word":"oxen"},{"word":"oxer"},{"word":"oxes"},{"word":"oxic"},{"word":"oxid"},{"word":"oxim"},{"word":"oyer"},{"word":"oyes"},{"word":"oyez"},{"word":"paan"},{"word":"paca"},{"word":"pace"},{"word":"pack"},{"word":"pacs"},{"word":"pact"},{"word":"pacy"},{"word":"padi"},{"word":"pads"},{"word":"page"},{"word":"paid"},{"word":"paik"},{"word":"pail"},{"word":"pain"},{"word":"pair"},{"word":"paks"},{"word":"pale"},{"word":"pali"},{"word":"pall"},{"word":"palm"},{"word":"palp"},{"word":"pals"},{"word":"paly"},{"word":"pams"},{"word":"pane"},{"word":"pang"},{"word":"pans"},{"word":"pant"},{"word":"papa"},{"word":"paps"},{"word":"para"},{"word":"pard"},{"word":"pare"},{"word":"park"},{"word":"parr"},{"word":"pars"},{"word":"part"},{"word":"pase"},{"word":"pash"},{"word":"pass"},{"word":"past"},{"word":"pate"},{"word":"path"},{"word":"pats"},{"word":"paty"},{"word":"paua"},{"word":"pave"},{"word":"pawl"},{"word":"pawn"},{"word":"paws"},{"word":"pays"},{"word":"peag"},{"word":"peak"},{"word":"peal"},{"word":"pean"},{"word":"pear"},{"word":"peas"},{"word":"peat"},{"word":"pech"},{"word":"peck"},{"word":"pecs"},{"word":"peds"},{"word":"peek"},{"word":"peel"},{"word":"peen"},{"word":"peep"},{"word":"peer"},{"word":"pees"},{"word":"pegs"},{"word":"pehs"},{"word":"pein"},{"word":"peke"},{"word":"pele"},{"word":"pelf"},{"word":"pelt"},{"word":"pend"},{"word":"pens"},{"word":"pent"},{"word":"peon"},{"word":"pepo"},{"word":"peps"},{"word":"perc"},{"word":"pere"},{"word":"peri"},{"word":"perk"},{"word":"perm"},{"word":"perp"},{"word":"pert"},{"word":"perv"},{"word":"peso"},{"word":"pest"},{"word":"pets"},{"word":"pews"},{"word":"pfft"},{"word":"pfui"},{"word":"phat"},{"word":"phew"},{"word":"phis"},{"word":"phiz"},{"word":"phon"},{"word":"phos"},{"word":"phot"},{"word":"phut"},{"word":"pial"},{"word":"pian"},{"word":"pias"},{"word":"pica"},{"word":"pice"},{"word":"pick"},{"word":"pics"},{"word":"pied"},{"word":"pier"},{"word":"pies"},{"word":"pigs"},{"word":"pika"},{"word":"pike"},{"word":"piki"},{"word":"pile"},{"word":"pili"},{"word":"pill"},{"word":"pily"},{"word":"pima"},{"word":"pimp"},{"word":"pina"},{"word":"pine"},{"word":"ping"},{"word":"pink"},{"word":"pins"},{"word":"pint"},{"word":"piny"},{"word":"pion"},{"word":"pipa"},{"word":"pipe"},{"word":"pips"},{"word":"pipy"},{"word":"pirn"},{"word":"pish"},{"word":"piso"},{"word":"pita"},{"word":"pith"},{"word":"pits"},{"word":"pity"},{"word":"pixy"},{"word":"plan"},{"word":"plat"},{"word":"play"},{"word":"plea"},{"word":"pleb"},{"word":"pled"},{"word":"plew"},{"word":"plex"},{"word":"plie"},{"word":"plod"},{"word":"plop"},{"word":"plot"},{"word":"plow"},{"word":"ploy"},{"word":"plug"},{"word":"plum"},{"word":"plus"},{"word":"pock"},{"word":"poco"},{"word":"pods"},{"word":"poem"},{"word":"poet"},{"word":"pogo"},{"word":"pogy"},{"word":"pois"},{"word":"poke"},{"word":"poky"},{"word":"pole"},{"word":"poll"},{"word":"polo"},{"word":"pols"},{"word":"poly"},{"word":"pome"},{"word":"pomo"},{"word":"pomp"},{"word":"poms"},{"word":"pond"},{"word":"pone"},{"word":"pong"},{"word":"pons"},{"word":"pony"},{"word":"pood"},{"word":"poof"},{"word":"pooh"},{"word":"pool"},{"word":"poon"},{"word":"poop"},{"word":"poor"},{"word":"poos"},{"word":"pope"},{"word":"pops"},{"word":"pore"},{"word":"pork"},{"word":"porn"},{"word":"port"},{"word":"pose"},{"word":"posh"},{"word":"post"},{"word":"posy"},{"word":"pots"},{"word":"pouf"},{"word":"pour"},{"word":"pout"},{"word":"pows"},{"word":"poxy"},{"word":"pram"},{"word":"prao"},{"word":"prat"},{"word":"prau"},{"word":"pray"},{"word":"pree"},{"word":"prep"},{"word":"prex"},{"word":"prey"},{"word":"prez"},{"word":"prig"},{"word":"prim"},{"word":"proa"},{"word":"prob"},{"word":"prod"},{"word":"prof"},{"word":"prog"},{"word":"prom"},{"word":"prop"},{"word":"pros"},{"word":"prow"},{"word":"psis"},{"word":"psst"},{"word":"ptui"},{"word":"pubs"},{"word":"puce"},{"word":"puck"},{"word":"puds"},{"word":"pudu"},{"word":"puff"},{"word":"pugh"},{"word":"pugs"},{"word":"puja"},{"word":"puke"},{"word":"pula"},{"word":"pule"},{"word":"puli"},{"word":"pulk"},{"word":"pull"},{"word":"pulp"},{"word":"puls"},{"word":"puma"},{"word":"pump"},{"word":"puna"},{"word":"pung"},{"word":"punk"},{"word":"puns"},{"word":"punt"},{"word":"puny"},{"word":"pupa"},{"word":"pups"},{"word":"pupu"},{"word":"pure"},{"word":"puri"},{"word":"purl"},{"word":"purr"},{"word":"purs"},{"word":"push"},{"word":"puss"},{"word":"puts"},{"word":"putt"},{"word":"putz"},{"word":"pyas"},{"word":"pyes"},{"word":"pyic"},{"word":"pyin"},{"word":"pyre"},{"word":"pyro"},{"word":"qadi"},{"word":"qaid"},{"word":"qats"},{"word":"qoph"},{"word":"quad"},{"word":"quag"},{"word":"quai"},{"word":"quay"},{"word":"quey"},{"word":"quid"},{"word":"quin"},{"word":"quip"},{"word":"quit"},{"word":"quiz"},{"word":"quod"},{"word":"race"},{"word":"rack"},{"word":"racy"},{"word":"rads"},{"word":"raff"},{"word":"raft"},{"word":"raga"},{"word":"rage"},{"word":"ragg"},{"word":"ragi"},{"word":"rags"},{"word":"raia"},{"word":"raid"},{"word":"rail"},{"word":"rain"},{"word":"rais"},{"word":"raja"},{"word":"rake"},{"word":"raki"},{"word":"raku"},{"word":"rale"},{"word":"rami"},{"word":"ramp"},{"word":"rams"},{"word":"rand"},{"word":"rang"},{"word":"rani"},{"word":"rank"},{"word":"rant"},{"word":"rape"},{"word":"raps"},{"word":"rapt"},{"word":"rare"},{"word":"rase"},{"word":"rash"},{"word":"rasp"},{"word":"rate"},{"word":"rath"},{"word":"rato"},{"word":"rats"},{"word":"rave"},{"word":"raws"},{"word":"raya"},{"word":"rays"},{"word":"raze"},{"word":"razz"},{"word":"read"},{"word":"real"},{"word":"ream"},{"word":"reap"},{"word":"rear"},{"word":"rebs"},{"word":"reck"},{"word":"recs"},{"word":"redd"},{"word":"rede"},{"word":"redo"},{"word":"reds"},{"word":"reed"},{"word":"reef"},{"word":"reek"},{"word":"reel"},{"word":"rees"},{"word":"refs"},{"word":"reft"},{"word":"regs"},{"word":"reif"},{"word":"rein"},{"word":"reis"},{"word":"rely"},{"word":"rems"},{"word":"rend"},{"word":"reno"},{"word":"rent"},{"word":"repo"},{"word":"repp"},{"word":"reps"},{"word":"resh"},{"word":"rest"},{"word":"rete"},{"word":"rets"},{"word":"revs"},{"word":"rhea"},{"word":"rhos"},{"word":"rhus"},{"word":"rial"},{"word":"rias"},{"word":"ribs"},{"word":"rice"},{"word":"rich"},{"word":"rick"},{"word":"ride"},{"word":"rids"},{"word":"riel"},{"word":"rife"},{"word":"riff"},{"word":"rifs"},{"word":"rift"},{"word":"rigs"},{"word":"rile"},{"word":"rill"},{"word":"rime"},{"word":"rims"},{"word":"rimy"},{"word":"rind"},{"word":"ring"},{"word":"rink"},{"word":"rins"},{"word":"riot"},{"word":"ripe"},{"word":"rips"},{"word":"rise"},{"word":"risk"},{"word":"rite"},{"word":"ritz"},{"word":"rive"},{"word":"road"},{"word":"roam"},{"word":"roan"},{"word":"roar"},{"word":"robe"},{"word":"robs"},{"word":"rock"},{"word":"rocs"},{"word":"rode"},{"word":"rods"},{"word":"roes"},{"word":"roil"},{"word":"role"},{"word":"rolf"},{"word":"roll"},{"word":"romp"},{"word":"roms"},{"word":"rood"},{"word":"roof"},{"word":"rook"},{"word":"room"},{"word":"roos"},{"word":"root"},{"word":"rope"},{"word":"ropy"},{"word":"rose"},{"word":"rosy"},{"word":"rota"},{"word":"rote"},{"word":"roti"},{"word":"rotl"},{"word":"roto"},{"word":"rots"},{"word":"roue"},{"word":"roup"},{"word":"rout"},{"word":"roux"},{"word":"rove"},{"word":"rows"},{"word":"rube"},{"word":"rubs"},{"word":"ruby"},{"word":"ruck"},{"word":"rudd"},{"word":"rude"},{"word":"rued"},{"word":"ruer"},{"word":"rues"},{"word":"ruff"},{"word":"ruga"},{"word":"rugs"},{"word":"ruin"},{"word":"rukh"},{"word":"rule"},{"word":"ruly"},{"word":"rump"},{"word":"rums"},{"word":"rune"},{"word":"rung"},{"word":"runs"},{"word":"runt"},{"word":"ruse"},{"word":"rush"},{"word":"rusk"},{"word":"rust"},{"word":"ruth"},{"word":"ruts"},{"word":"ryas"},{"word":"ryes"},{"word":"ryke"},{"word":"rynd"},{"word":"ryot"},{"word":"ryus"},{"word":"sabe"},{"word":"sabs"},{"word":"sack"},{"word":"sacs"},{"word":"sade"},{"word":"sadi"},{"word":"safe"},{"word":"saga"},{"word":"sage"},{"word":"sago"},{"word":"sags"},{"word":"sagy"},{"word":"said"},{"word":"sail"},{"word":"sain"},{"word":"sake"},{"word":"saki"},{"word":"sale"},{"word":"sall"},{"word":"salp"},{"word":"sals"},{"word":"salt"},{"word":"same"},{"word":"samp"},{"word":"sand"},{"word":"sane"},{"word":"sang"},{"word":"sank"},{"word":"sans"},{"word":"saps"},{"word":"sard"},{"word":"sari"},{"word":"sark"},{"word":"sash"},{"word":"sass"},{"word":"sate"},{"word":"sati"},{"word":"saul"},{"word":"save"},{"word":"sawn"},{"word":"saws"},{"word":"says"},{"word":"scab"},{"word":"scad"},{"word":"scag"},{"word":"scam"},{"word":"scan"},{"word":"scar"},{"word":"scat"},{"word":"scop"},{"word":"scot"},{"word":"scow"},{"word":"scry"},{"word":"scud"},{"word":"scum"},{"word":"scup"},{"word":"scut"},{"word":"seal"},{"word":"seam"},{"word":"sear"},{"word":"seas"},{"word":"seat"},{"word":"secs"},{"word":"sect"},{"word":"seed"},{"word":"seek"},{"word":"seel"},{"word":"seem"},{"word":"seen"},{"word":"seep"},{"word":"seer"},{"word":"sees"},{"word":"sego"},{"word":"segs"},{"word":"seif"},{"word":"seis"},{"word":"self"},{"word":"sell"},{"word":"sels"},{"word":"seme"},{"word":"semi"},{"word":"send"},{"word":"sene"},{"word":"sent"},{"word":"seps"},{"word":"sept"},{"word":"sera"},{"word":"sere"},{"word":"serf"},{"word":"sers"},{"word":"sesh"},{"word":"seta"},{"word":"sets"},{"word":"sett"},{"word":"sevs"},{"word":"sewn"},{"word":"sews"},{"word":"sext"},{"word":"sexy"},{"word":"shad"},{"word":"shag"},{"word":"shah"},{"word":"sham"},{"word":"shaw"},{"word":"shay"},{"word":"shea"},{"word":"shed"},{"word":"shen"},{"word":"shes"},{"word":"shew"},{"word":"shhh"},{"word":"shim"},{"word":"shin"},{"word":"ship"},{"word":"shiv"},{"word":"shmo"},{"word":"shod"},{"word":"shoe"},{"word":"shog"},{"word":"shoo"},{"word":"shop"},{"word":"shot"},{"word":"show"},{"word":"shri"},{"word":"shul"},{"word":"shun"},{"word":"shut"},{"word":"shwa"},{"word":"sial"},{"word":"sibb"},{"word":"sibs"},{"word":"sice"},{"word":"sick"},{"word":"sics"},{"word":"side"},{"word":"sidh"},{"word":"sift"},{"word":"sigh"},{"word":"sign"},{"word":"sigs"},{"word":"sika"},{"word":"sike"},{"word":"sild"},{"word":"silk"},{"word":"sill"},{"word":"silo"},{"word":"silt"},{"word":"sima"},{"word":"simp"},{"word":"sims"},{"word":"sine"},{"word":"sing"},{"word":"sinh"},{"word":"sink"},{"word":"sins"},{"word":"sipe"},{"word":"sips"},{"word":"sire"},{"word":"sirs"},{"word":"site"},{"word":"sith"},{"word":"sits"},{"word":"size"},{"word":"sizy"},{"word":"skag"},{"word":"skas"},{"word":"skat"},{"word":"sked"},{"word":"skee"},{"word":"skeg"},{"word":"skep"},{"word":"skew"},{"word":"skid"},{"word":"skim"},{"word":"skin"},{"word":"skip"},{"word":"skis"},{"word":"skit"},{"word":"skol"},{"word":"skry"},{"word":"skua"},{"word":"slab"},{"word":"slag"},{"word":"slam"},{"word":"slap"},{"word":"slat"},{"word":"slaw"},{"word":"slay"},{"word":"sled"},{"word":"slew"},{"word":"slid"},{"word":"slim"},{"word":"slip"},{"word":"slit"},{"word":"slob"},{"word":"sloe"},{"word":"slog"},{"word":"slop"},{"word":"slot"},{"word":"slow"},{"word":"slub"},{"word":"slue"},{"word":"slug"},{"word":"slum"},{"word":"slur"},{"word":"slut"},{"word":"smew"},{"word":"smit"},{"word":"smog"},{"word":"smug"},{"word":"smut"},{"word":"snag"},{"word":"snap"},{"word":"snaw"},{"word":"sned"},{"word":"snib"},{"word":"snip"},{"word":"snit"},{"word":"snob"},{"word":"snog"},{"word":"snot"},{"word":"snow"},{"word":"snub"},{"word":"snug"},{"word":"snye"},{"word":"soak"},{"word":"soap"},{"word":"soar"},{"word":"soba"},{"word":"sobs"},{"word":"soca"},{"word":"sock"},{"word":"soda"},{"word":"sods"},{"word":"sofa"},{"word":"soft"},{"word":"sohs"},{"word":"soil"},{"word":"soja"},{"word":"soju"},{"word":"soke"},{"word":"sola"},{"word":"sold"},{"word":"sole"},{"word":"soli"},{"word":"solo"},{"word":"sols"},{"word":"soma"},{"word":"some"},{"word":"soms"},{"word":"sone"},{"word":"song"},{"word":"sons"},{"word":"sook"},{"word":"soon"},{"word":"soot"},{"word":"soph"},{"word":"sops"},{"word":"sora"},{"word":"sorb"},{"word":"sord"},{"word":"sore"},{"word":"sori"},{"word":"sorn"},{"word":"sort"},{"word":"soth"},{"word":"sots"},{"word":"souk"},{"word":"soul"},{"word":"soup"},{"word":"sour"},{"word":"sous"},{"word":"sown"},{"word":"sows"},{"word":"soya"},{"word":"soys"},{"word":"spae"},{"word":"spam"},{"word":"span"},{"word":"spar"},{"word":"spas"},{"word":"spat"},{"word":"spay"},{"word":"spec"},{"word":"sped"},{"word":"spew"},{"word":"spin"},{"word":"spit"},{"word":"spiv"},{"word":"spot"},{"word":"spry"},{"word":"spud"},{"word":"spue"},{"word":"spun"},{"word":"spur"},{"word":"sris"},{"word":"stab"},{"word":"stag"},{"word":"star"},{"word":"stat"},{"word":"staw"},{"word":"stay"},{"word":"stem"},{"word":"step"},{"word":"stet"},{"word":"stew"},{"word":"stey"},{"word":"stir"},{"word":"stoa"},{"word":"stob"},{"word":"stop"},{"word":"stot"},{"word":"stow"},{"word":"stub"},{"word":"stud"},{"word":"stum"},{"word":"stun"},{"word":"stye"},{"word":"suba"},{"word":"subs"},{"word":"such"},{"word":"suck"},{"word":"sudd"},{"word":"suds"},{"word":"sued"},{"word":"suer"},{"word":"sues"},{"word":"suet"},{"word":"sugh"},{"word":"suit"},{"word":"sukh"},{"word":"suks"},{"word":"sulk"},{"word":"sulu"},{"word":"sumi"},{"word":"sumo"},{"word":"sump"},{"word":"sums"},{"word":"sumy"},{"word":"sung"},{"word":"sunk"},{"word":"sunn"},{"word":"suns"},{"word":"supe"},{"word":"sups"},{"word":"suqs"},{"word":"sura"},{"word":"surd"},{"word":"sure"},{"word":"surf"},{"word":"suss"},{"word":"swab"},{"word":"swag"},{"word":"swam"},{"word":"swan"},{"word":"swap"},{"word":"swat"},{"word":"sway"},{"word":"swig"},{"word":"swim"},{"word":"swob"},{"word":"swop"},{"word":"swot"},{"word":"swum"},{"word":"sybo"},{"word":"syce"},{"word":"syke"},{"word":"syli"},{"word":"sync"},{"word":"syne"},{"word":"syph"},{"word":"tabs"},{"word":"tabu"},{"word":"tace"},{"word":"tach"},{"word":"tack"},{"word":"taco"},{"word":"tact"},{"word":"tads"},{"word":"tael"},{"word":"tags"},{"word":"tahr"},{"word":"tail"},{"word":"tain"},{"word":"taka"},{"word":"take"},{"word":"tala"},{"word":"talc"},{"word":"tale"},{"word":"tali"},{"word":"talk"},{"word":"tall"},{"word":"tame"},{"word":"tamp"},{"word":"tams"},{"word":"tang"},{"word":"tank"},{"word":"tans"},{"word":"taos"},{"word":"tapa"},{"word":"tape"},{"word":"taps"},{"word":"tare"},{"word":"tarn"},{"word":"taro"},{"word":"tarp"},{"word":"tars"},{"word":"tart"},{"word":"tase"},{"word":"task"},{"word":"tass"},{"word":"tate"},{"word":"tats"},{"word":"taus"},{"word":"taut"},{"word":"tavs"},{"word":"taws"},{"word":"taxa"},{"word":"taxi"},{"word":"teak"},{"word":"teal"},{"word":"team"},{"word":"tear"},{"word":"teas"},{"word":"teat"},{"word":"tech"},{"word":"tecs"},{"word":"teds"},{"word":"teed"},{"word":"teel"},{"word":"teem"},{"word":"teen"},{"word":"tees"},{"word":"teff"},{"word":"tegg"},{"word":"tegs"},{"word":"tegu"},{"word":"tein"},{"word":"tela"},{"word":"tele"},{"word":"tell"},{"word":"tels"},{"word":"temp"},{"word":"tend"},{"word":"tens"},{"word":"tent"},{"word":"tepa"},{"word":"term"},{"word":"tern"},{"word":"test"},{"word":"teth"},{"word":"tets"},{"word":"tews"},{"word":"text"},{"word":"thae"},{"word":"than"},{"word":"that"},{"word":"thaw"},{"word":"thee"},{"word":"them"},{"word":"then"},{"word":"thew"},{"word":"they"},{"word":"thin"},{"word":"thio"},{"word":"thir"},{"word":"this"},{"word":"thou"},{"word":"thro"},{"word":"thru"},{"word":"thud"},{"word":"thug"},{"word":"thus"},{"word":"tian"},{"word":"tick"},{"word":"tics"},{"word":"tide"},{"word":"tidy"},{"word":"tied"},{"word":"tier"},{"word":"ties"},{"word":"tiff"},{"word":"tike"},{"word":"tiki"},{"word":"tile"},{"word":"till"},{"word":"tils"},{"word":"tilt"},{"word":"time"},{"word":"tine"},{"word":"ting"},{"word":"tins"},{"word":"tint"},{"word":"tiny"},{"word":"tipi"},{"word":"tips"},{"word":"tire"},{"word":"tirl"},{"word":"tiro"},{"word":"titi"},{"word":"tits"},{"word":"tivy"},{"word":"tiyn"},{"word":"tizz"},{"word":"toad"},{"word":"toby"},{"word":"tock"},{"word":"toco"},{"word":"tods"},{"word":"tody"},{"word":"toea"},{"word":"toed"},{"word":"toes"},{"word":"toff"},{"word":"toft"},{"word":"tofu"},{"word":"toga"},{"word":"togs"},{"word":"toil"},{"word":"toit"},{"word":"toke"},{"word":"tola"},{"word":"told"},{"word":"tole"},{"word":"toll"},{"word":"tolt"},{"word":"tolu"},{"word":"tomb"},{"word":"tome"},{"word":"toms"},{"word":"tone"},{"word":"tong"},{"word":"tons"},{"word":"tony"},{"word":"took"},{"word":"tool"},{"word":"toom"},{"word":"toon"},{"word":"toot"},{"word":"tope"},{"word":"toph"},{"word":"topi"},{"word":"topo"},{"word":"tops"},{"word":"tora"},{"word":"torc"},{"word":"tore"},{"word":"tori"},{"word":"torn"},{"word":"toro"},{"word":"torr"},{"word":"tors"},{"word":"tort"},{"word":"tory"},{"word":"tosa"},{"word":"tosh"},{"word":"toss"},{"word":"tost"},{"word":"tote"},{"word":"tots"},{"word":"tour"},{"word":"tout"},{"word":"town"},{"word":"tows"},{"word":"towy"},{"word":"toyo"},{"word":"toys"},{"word":"trad"},{"word":"tram"},{"word":"trap"},{"word":"tray"},{"word":"tree"},{"word":"tref"},{"word":"trek"},{"word":"trem"},{"word":"tret"},{"word":"trey"},{"word":"trig"},{"word":"trim"},{"word":"trio"},{"word":"trip"},{"word":"trod"},{"word":"trog"},{"word":"trop"},{"word":"trot"},{"word":"trou"},{"word":"trow"},{"word":"troy"},{"word":"true"},{"word":"trug"},{"word":"tsar"},{"word":"tsks"},{"word":"tuba"},{"word":"tube"},{"word":"tubs"},{"word":"tuck"},{"word":"tufa"},{"word":"tuff"},{"word":"tuft"},{"word":"tugs"},{"word":"tuis"},{"word":"tule"},{"word":"tump"},{"word":"tums"},{"word":"tuna"},{"word":"tune"},{"word":"tung"},{"word":"tuns"},{"word":"tups"},{"word":"turf"},{"word":"turk"},{"word":"turn"},{"word":"turr"},{"word":"tush"},{"word":"tusk"},{"word":"tuts"},{"word":"tutu"},{"word":"twae"},{"word":"twas"},{"word":"twee"},{"word":"twig"},{"word":"twin"},{"word":"twit"},{"word":"twos"},{"word":"tyee"},{"word":"tyer"},{"word":"tyes"},{"word":"tyin"},{"word":"tyke"},{"word":"tyne"},{"word":"type"},{"word":"typo"},{"word":"typp"},{"word":"typy"},{"word":"tyre"},{"word":"tyro"},{"word":"tzar"},{"word":"udon"},{"word":"udos"},{"word":"ughs"},{"word":"ugly"},{"word":"ukes"},{"word":"ulan"},{"word":"ulna"},{"word":"ulus"},{"word":"ulva"},{"word":"umbo"},{"word":"umma"},{"word":"umph"},{"word":"umps"},{"word":"unai"},{"word":"unau"},{"word":"unbe"},{"word":"unci"},{"word":"unco"},{"word":"unde"},{"word":"undo"},{"word":"undy"},{"word":"unis"},{"word":"unit"},{"word":"unto"},{"word":"upas"},{"word":"upby"},{"word":"updo"},{"word":"upon"},{"word":"urbs"},{"word":"urds"},{"word":"urea"},{"word":"urge"},{"word":"uric"},{"word":"urns"},{"word":"urps"},{"word":"ursa"},{"word":"urus"},{"word":"used"},{"word":"user"},{"word":"uses"},{"word":"utas"},{"word":"utes"},{"word":"uvea"},{"word":"vacs"},{"word":"vagi"},{"word":"vail"},{"word":"vain"},{"word":"vair"},{"word":"vale"},{"word":"vamp"},{"word":"vane"},{"word":"vang"},{"word":"vans"},{"word":"vape"},{"word":"vara"},{"word":"vars"},{"word":"vary"},{"word":"vasa"},{"word":"vase"},{"word":"vast"},{"word":"vats"},{"word":"vatu"},{"word":"vaus"},{"word":"vavs"},{"word":"vaws"},{"word":"veal"},{"word":"veep"},{"word":"veer"},{"word":"vees"},{"word":"vega"},{"word":"veil"},{"word":"vein"},{"word":"vela"},{"word":"veld"},{"word":"vena"},{"word":"vend"},{"word":"vent"},{"word":"vera"},{"word":"verb"},{"word":"vert"},{"word":"very"},{"word":"vest"},{"word":"veto"},{"word":"vets"},{"word":"vext"},{"word":"vial"},{"word":"vibe"},{"word":"vice"},{"word":"vide"},{"word":"vids"},{"word":"vied"},{"word":"vier"},{"word":"vies"},{"word":"view"},{"word":"viff"},{"word":"viga"},{"word":"vigs"},{"word":"vile"},{"word":"vill"},{"word":"vims"},{"word":"vina"},{"word":"vine"},{"word":"vino"},{"word":"vins"},{"word":"viny"},{"word":"viol"},{"word":"virl"},{"word":"visa"},{"word":"vise"},{"word":"vita"},{"word":"viva"},{"word":"vive"},{"word":"vlei"},{"word":"vlog"},{"word":"voes"},{"word":"vogs"},{"word":"void"},{"word":"vole"},{"word":"volk"},{"word":"volt"},{"word":"vote"},{"word":"vows"},{"word":"vrow"},{"word":"vugg"},{"word":"vugh"},{"word":"vugs"},{"word":"vuln"},{"word":"waah"},{"word":"wabs"},{"word":"wack"},{"word":"wade"},{"word":"wadi"},{"word":"wads"},{"word":"wady"},{"word":"waes"},{"word":"waff"},{"word":"waft"},{"word":"wage"},{"word":"wags"},{"word":"waif"},{"word":"wail"},{"word":"wain"},{"word":"wair"},{"word":"wait"},{"word":"wake"},{"word":"wale"},{"word":"wali"},{"word":"walk"},{"word":"wall"},{"word":"waly"},{"word":"wame"},{"word":"wand"},{"word":"wane"},{"word":"wans"},{"word":"want"},{"word":"wany"},{"word":"waps"},{"word":"ward"},{"word":"ware"},{"word":"wark"},{"word":"warm"},{"word":"warn"},{"word":"warp"},{"word":"wars"},{"word":"wart"},{"word":"wary"},{"word":"wash"},{"word":"wasp"},{"word":"wast"},{"word":"wats"},{"word":"watt"},{"word":"wauk"},{"word":"waul"},{"word":"waur"},{"word":"wave"},{"word":"wavy"},{"word":"wawl"},{"word":"waws"},{"word":"waxy"},{"word":"ways"},{"word":"weak"},{"word":"weal"},{"word":"wean"},{"word":"wear"},{"word":"webs"},{"word":"weds"},{"word":"weed"},{"word":"week"},{"word":"weel"},{"word":"ween"},{"word":"weep"},{"word":"weer"},{"word":"wees"},{"word":"weet"},{"word":"weft"},{"word":"weir"},{"word":"weka"},{"word":"weld"},{"word":"well"},{"word":"welt"},{"word":"wend"},{"word":"wens"},{"word":"went"},{"word":"wept"},{"word":"were"},{"word":"wert"},{"word":"west"},{"word":"weta"},{"word":"wets"},{"word":"wham"},{"word":"whap"},{"word":"what"},{"word":"whee"},{"word":"when"},{"word":"whet"},{"word":"whew"},{"word":"whey"},{"word":"whid"},{"word":"whig"},{"word":"whim"},{"word":"whin"},{"word":"whip"},{"word":"whir"},{"word":"whit"},{"word":"whiz"},{"word":"whoa"},{"word":"whom"},{"word":"whop"},{"word":"whup"},{"word":"whys"},{"word":"wich"},{"word":"wick"},{"word":"wide"},{"word":"wife"},{"word":"wigs"},{"word":"wiki"},{"word":"wild"},{"word":"wile"},{"word":"will"},{"word":"wilt"},{"word":"wily"},{"word":"wimp"},{"word":"wind"},{"word":"wine"},{"word":"wing"},{"word":"wink"},{"word":"wino"},{"word":"wins"},{"word":"winy"},{"word":"wipe"},{"word":"wire"},{"word":"wiry"},{"word":"wise"},{"word":"wish"},{"word":"wisp"},{"word":"wiss"},{"word":"wist"},{"word":"wite"},{"word":"with"},{"word":"wits"},{"word":"wive"},{"word":"woad"},{"word":"woes"},{"word":"woke"},{"word":"woks"},{"word":"wold"},{"word":"wolf"},{"word":"womb"},{"word":"wonk"},{"word":"wons"},{"word":"wont"},{"word":"wood"},{"word":"woof"},{"word":"wool"},{"word":"woos"},{"word":"word"},{"word":"wore"},{"word":"work"},{"word":"worm"},{"word":"worn"},{"word":"wort"},{"word":"wost"},{"word":"wots"},{"word":"wove"},{"word":"wows"},{"word":"wrap"},{"word":"wren"},{"word":"writ"},{"word":"wuss"},{"word":"wych"},{"word":"wyes"},{"word":"wyle"},{"word":"wynd"},{"word":"wynn"},{"word":"wyns"},{"word":"wyte"},{"word":"xyst"},{"word":"yack"},{"word":"yaff"},{"word":"yage"},{"word":"yagi"},{"word":"yags"},{"word":"yaks"},{"word":"yald"},{"word":"yams"},{"word":"yang"},{"word":"yank"},{"word":"yaps"},{"word":"yard"},{"word":"yare"},{"word":"yarn"},{"word":"yaud"},{"word":"yaup"},{"word":"yawl"},{"word":"yawn"},{"word":"yawp"},{"word":"yaws"},{"word":"yays"},{"word":"yeah"},{"word":"yean"},{"word":"year"},{"word":"yeas"},{"word":"yech"},{"word":"yegg"},{"word":"yeld"},{"word":"yelk"},{"word":"yell"},{"word":"yelp"},{"word":"yens"},{"word":"yeow"},{"word":"yeps"},{"word":"yerk"},{"word":"yeti"},{"word":"yett"},{"word":"yeuk"},{"word":"yews"},{"word":"yill"},{"word":"yins"},{"word":"yipe"},{"word":"yips"},{"word":"yird"},{"word":"yirr"},{"word":"ylem"},{"word":"yobs"},{"word":"yock"},{"word":"yodh"},{"word":"yods"},{"word":"yoga"},{"word":"yogh"},{"word":"yogi"},{"word":"yoke"},{"word":"yoks"},{"word":"yolk"},{"word":"yomp"},{"word":"yond"},{"word":"yoni"},{"word":"yoof"},{"word":"yore"},{"word":"your"},{"word":"yous"},{"word":"yowe"},{"word":"yowl"},{"word":"yows"},{"word":"yuan"},{"word":"yuca"},{"word":"yuch"},{"word":"yuck"},{"word":"yuga"},{"word":"yuke"},{"word":"yuks"},{"word":"yule"},{"word":"yups"},{"word":"yurt"},{"word":"yutz"},{"word":"yuzu"},{"word":"ywis"},{"word":"zags"},{"word":"zany"},{"word":"zaps"},{"word":"zarf"},{"word":"zeal"},{"word":"zebu"},{"word":"zeda"},{"word":"zeds"},{"word":"zees"},{"word":"zein"},{"word":"zeks"},{"word":"zeps"},{"word":"zerk"},{"word":"zero"},{"word":"zest"},{"word":"zeta"},{"word":"zigs"},{"word":"zill"},{"word":"zinc"},{"word":"zine"},{"word":"zing"},{"word":"zins"},{"word":"zips"},{"word":"ziti"},{"word":"zits"},{"word":"zizz"},{"word":"zoea"},{"word":"zoic"},{"word":"zona"},{"word":"zone"},{"word":"zonk"},{"word":"zoom"},{"word":"zoon"},{"word":"zoos"},{"word":"zori"},{"word":"zouk"},{"word":"zyme"},{"word":"baes"},{"word":"cath"},{"word":"fams"},{"word":"favs"},{"word":"gank"},{"word":"jedi"},{"word":"marg"},{"word":"nare"},{"word":"oppo"},{"word":"peed"},{"word":"rabi"},{"word":"vaxx"},{"word":"welp"},{"word":"yaje"},{"word":"zuke"},{"word":"arie"},{"word":"aros"},{"word":"cria"},{"word":"folx"},{"word":"guac"},{"word":"hoss"},{"word":"noob"},{"word":"pheo"},{"word":"pube"},{"word":"roid"},{"word":"stan"},{"word":"stim"}]